Units of Measure,Arithmetic Mean,1st Max Value,1st Max Hour,State Name,CBSA Name
Knots,2.941667,5.8,17,Iowa,"Waterloo-Cedar Falls, IA"
Knots,0.941667,3,6,Iowa,"Waterloo-Cedar Falls, IA"
Knots,1.891667,3.6,22,Iowa,"Waterloo-Cedar Falls, IA"
Knots,2.445833,3.6,20,Iowa,"Waterloo-Cedar Falls, IA"
Knots,0.908333,2.8,1,Iowa,"Waterloo-Cedar Falls, IA"
Knots,2.145833,3.8,12,Iowa,"Waterloo-Cedar Falls, IA"
Knots,1.995833,3.1,13,Iowa,"Waterloo-Cedar Falls, IA"
Knots,2.595833,3.6,11,Iowa,"Waterloo-Cedar Falls, IA"
Knots,2.233333,4.3,23,Iowa,"Waterloo-Cedar Falls, IA"
Knots,3.445833,5,1,Iowa,"Waterloo-Cedar Falls, IA"
Knots,3.329167,5.7,3,Iowa,"Waterloo-Cedar Falls, IA"
Knots,1.875,4.3,12,Iowa,"Waterloo-Cedar Falls, IA"
Knots,1.116667,2.5,15,Iowa,"Waterloo-Cedar Falls, IA"
Knots,2.666667,6.1,13,Iowa,"Waterloo-Cedar Falls, IA"
Knots,2.625,6.9,23,Iowa,"Waterloo-Cedar Falls, IA"
Knots,6.091667,8.9,5,Iowa,"Waterloo-Cedar Falls, IA"
Knots,3.65,5.9,11,Iowa,"Waterloo-Cedar Falls, IA"
Knots,3.5,6.8,11,Iowa,"Waterloo-Cedar Falls, IA"
Knots,5.333333,13.5,16,Iowa,"Waterloo-Cedar Falls, IA"
Knots,3.908333,6.5,16,Iowa,"Waterloo-Cedar Falls, IA"
Knots,7.525,10.4,22,Iowa,"Waterloo-Cedar Falls, IA"
Knots,4.2625,10,0,Iowa,"Waterloo-Cedar Falls, IA"
Knots,1.879167,3.6,11,Iowa,"Waterloo-Cedar Falls, IA"
Knots,2.4875,6.4,10,Iowa,"Waterloo-Cedar Falls, IA"
Knots,2.9625,6.4,23,Iowa,"Waterloo-Cedar Falls, IA"
Knots,4.633333,6.6,10,Iowa,"Waterloo-Cedar Falls, IA"
Knots,2.004167,4.9,15,Iowa,"Waterloo-Cedar Falls, IA"
Knots,1.5125,3,11,Iowa,"Waterloo-Cedar Falls, IA"
Knots,2.825,4.8,14,Iowa,"Waterloo-Cedar Falls, IA"
Knots,3.775,4.7,4,Iowa,"Waterloo-Cedar Falls, IA"
Knots,6.175,8.5,15,Iowa,"Waterloo-Cedar Falls, IA"
Knots,5.883333,7.7,14,Iowa,"Waterloo-Cedar Falls, IA"
Knots,1.645833,2.4,0,Iowa,"Waterloo-Cedar Falls, IA"
Knots,3.5875,4.9,20,Iowa,"Waterloo-Cedar Falls, IA"
Knots,6.75,12.3,16,Iowa,"Waterloo-Cedar Falls, IA"
Knots,6.441667,9.6,14,Iowa,"Waterloo-Cedar Falls, IA"
Knots,5.329167,7.3,16,Iowa,"Waterloo-Cedar Falls, IA"
Knots,2.791667,4.9,9,Iowa,"Waterloo-Cedar Falls, IA"
Knots,1.829167,4.2,16,Iowa,"Waterloo-Cedar Falls, IA"
Knots,1.783333,4.4,14,Iowa,"Waterloo-Cedar Falls, IA"
Knots,2.120833,4.2,15,Iowa,"Waterloo-Cedar Falls, IA"
Knots,4.783333,6,1,Iowa,"Waterloo-Cedar Falls, IA"
Knots,5.629167,8.3,13,Iowa,"Waterloo-Cedar Falls, IA"
Knots,6.45,10.2,14,Iowa,"Waterloo-Cedar Falls, IA"
Knots,6.695833,8,13,Iowa,"Waterloo-Cedar Falls, IA"
Knots,4.9125,6.6,14,Iowa,"Waterloo-Cedar Falls, IA"
Knots,2.025,4.7,0,Iowa,"Waterloo-Cedar Falls, IA"
Knots,1.1125,3.1,12,Iowa,"Waterloo-Cedar Falls, IA"
Knots,1.691667,5.6,16,Iowa,"Waterloo-Cedar Falls, IA"
Knots,1.695833,4.1,15,Iowa,"Waterloo-Cedar Falls, IA"
Knots,1.420833,3,16,Iowa,"Waterloo-Cedar Falls, IA"
Knots,2.708333,4.6,20,Iowa,"Waterloo-Cedar Falls, IA"
Knots,4.841667,8.1,15,Iowa,"Waterloo-Cedar Falls, IA"
Knots,3.5625,5.7,2,Iowa,"Waterloo-Cedar Falls, IA"
Knots,5.791667,9.7,10,Iowa,"Waterloo-Cedar Falls, IA"
Knots,1.641667,5.1,15,Iowa,"Waterloo-Cedar Falls, IA"
Knots,2.6375,5.2,10,Iowa,"Waterloo-Cedar Falls, IA"
Knots,1.65,4,10,Iowa,"Waterloo-Cedar Falls, IA"
Knots,5.379167,10.6,14,Iowa,"Waterloo-Cedar Falls, IA"
Knots,2.570833,6.9,10,Iowa,"Waterloo-Cedar Falls, IA"
Knots,3.15,5.7,13,Iowa,"Waterloo-Cedar Falls, IA"
Knots,1.483333,3.5,13,Iowa,"Waterloo-Cedar Falls, IA"
Knots,1.595833,3.7,10,Iowa,"Waterloo-Cedar Falls, IA"
Knots,1.05,2.2,10,Iowa,"Waterloo-Cedar Falls, IA"
Knots,1.379167,3,13,Iowa,"Waterloo-Cedar Falls, IA"
Knots,3.308333,4.8,12,Iowa,"Waterloo-Cedar Falls, IA"
Knots,1.475,2.6,0,Iowa,"Waterloo-Cedar Falls, IA"
Knots,3.7,8,13,Iowa,"Waterloo-Cedar Falls, IA"
Knots,6.266667,13.6,22,Iowa,"Waterloo-Cedar Falls, IA"
Knots,5.429167,8.7,5,Iowa,"Waterloo-Cedar Falls, IA"
Knots,1.420833,4.1,9,Iowa,"Waterloo-Cedar Falls, IA"
Knots,0.983333,2.9,12,Iowa,"Waterloo-Cedar Falls, IA"
Knots,3.079167,4.9,22,Iowa,"Waterloo-Cedar Falls, IA"
Knots,3.25,4.7,8,Iowa,"Waterloo-Cedar Falls, IA"
Knots,1.3625,2.1,12,Iowa,"Waterloo-Cedar Falls, IA"
Knots,3.120833,5.5,17,Iowa,"Waterloo-Cedar Falls, IA"
Knots,4.970833,7.7,11,Iowa,"Waterloo-Cedar Falls, IA"
Knots,1.545833,3.6,9,Iowa,"Waterloo-Cedar Falls, IA"
Knots,3.241667,5.4,15,Iowa,"Waterloo-Cedar Falls, IA"
Knots,5.725,8.9,14,Iowa,"Waterloo-Cedar Falls, IA"
Knots,2.2,4.3,0,Iowa,"Waterloo-Cedar Falls, IA"
Knots,2.270833,3.8,16,Iowa,"Waterloo-Cedar Falls, IA"
Knots,5.35,10.2,13,Iowa,"Waterloo-Cedar Falls, IA"
Knots,1.533333,2.8,19,Iowa,"Waterloo-Cedar Falls, IA"
Knots,0.895833,1.7,23,Iowa,"Waterloo-Cedar Falls, IA"
Knots,4.3625,10.2,23,Iowa,"Waterloo-Cedar Falls, IA"
Knots,6.020833,10.5,8,Iowa,"Waterloo-Cedar Falls, IA"
Knots,6.529167,10.8,15,Iowa,"Waterloo-Cedar Falls, IA"
Knots,6.8625,10.2,8,Iowa,"Waterloo-Cedar Falls, IA"
Knots,7.191667,9.7,13,Iowa,"Waterloo-Cedar Falls, IA"
Knots,1.991667,3.6,0,Iowa,"Waterloo-Cedar Falls, IA"
Knots,4.954167,8.4,12,Iowa,"Waterloo-Cedar Falls, IA"
Knots,2.491667,6.7,9,Iowa,"Waterloo-Cedar Falls, IA"
Knots,3.05,6.2,12,Iowa,"Waterloo-Cedar Falls, IA"
Knots,4,7.1,13,Iowa,"Waterloo-Cedar Falls, IA"
Knots,3.020833,5.3,13,Iowa,"Waterloo-Cedar Falls, IA"
Knots,3.2875,5.1,13,Iowa,"Waterloo-Cedar Falls, IA"
Knots,2.554167,3.9,9,Iowa,"Waterloo-Cedar Falls, IA"
Knots,4.416667,8.4,12,Iowa,"Waterloo-Cedar Falls, IA"
Knots,6.7375,10.2,20,Iowa,"Waterloo-Cedar Falls, IA"
Knots,7.366667,9.7,10,Iowa,"Waterloo-Cedar Falls, IA"
Knots,7.120833,9.7,13,Iowa,"Waterloo-Cedar Falls, IA"
Knots,6.825,11.3,11,Iowa,"Waterloo-Cedar Falls, IA"
Knots,5.433333,8.4,14,Iowa,"Waterloo-Cedar Falls, IA"
Knots,4.5375,7.1,16,Iowa,"Waterloo-Cedar Falls, IA"
Knots,2.65,5.2,23,Iowa,"Waterloo-Cedar Falls, IA"
Knots,4.029167,7.5,13,Iowa,"Waterloo-Cedar Falls, IA"
Knots,4.079167,7.1,23,Iowa,"Waterloo-Cedar Falls, IA"
Knots,6.675,9.3,12,Iowa,"Waterloo-Cedar Falls, IA"
Knots,3.495833,6.1,13,Iowa,"Waterloo-Cedar Falls, IA"
Knots,3.9,8.2,16,Iowa,"Waterloo-Cedar Falls, IA"
Knots,4.133333,6.9,10,Iowa,"Waterloo-Cedar Falls, IA"
Knots,2.645833,3.9,9,Iowa,"Waterloo-Cedar Falls, IA"
Knots,4.5375,9.2,13,Iowa,"Waterloo-Cedar Falls, IA"
Knots,2.370833,5,16,Iowa,"Waterloo-Cedar Falls, IA"
Knots,3.383333,6.8,10,Iowa,"Waterloo-Cedar Falls, IA"
Knots,3.179167,6.8,18,Iowa,"Waterloo-Cedar Falls, IA"
Knots,3.495833,4.9,0,Iowa,"Waterloo-Cedar Falls, IA"
Knots,5.6875,11.5,15,Iowa,"Waterloo-Cedar Falls, IA"
Knots,2.679167,7.6,6,Iowa,"Waterloo-Cedar Falls, IA"
Knots,2.625,6.4,0,Iowa,"Waterloo-Cedar Falls, IA"
Knots,7.370833,12.3,15,Iowa,"Waterloo-Cedar Falls, IA"
Knots,1.445833,4.1,11,Iowa,"Waterloo-Cedar Falls, IA"
Knots,6.35,12.5,12,Iowa,"Waterloo-Cedar Falls, IA"
Knots,2.1,4.3,14,Iowa,"Waterloo-Cedar Falls, IA"
Knots,5.120833,8.8,23,Iowa,"Waterloo-Cedar Falls, IA"
Knots,9.625,13.3,4,Iowa,"Waterloo-Cedar Falls, IA"
Knots,3.566667,10,23,Iowa,"Waterloo-Cedar Falls, IA"
Knots,10.5625,16.5,13,Iowa,"Waterloo-Cedar Falls, IA"
Knots,13.454167,22.8,20,Iowa,"Waterloo-Cedar Falls, IA"
Knots,10.058333,15.7,6,Iowa,"Waterloo-Cedar Falls, IA"
Knots,0.966667,4.3,11,Iowa,"Waterloo-Cedar Falls, IA"
Knots,0.970833,4.9,9,Iowa,"Waterloo-Cedar Falls, IA"
Knots,11.395833,18,15,Iowa,"Waterloo-Cedar Falls, IA"
Knots,11.091667,16.2,0,Iowa,"Waterloo-Cedar Falls, IA"
Knots,4.108333,6.3,13,Iowa,"Waterloo-Cedar Falls, IA"
Knots,5.791667,9.8,18,Iowa,"Waterloo-Cedar Falls, IA"
Knots,5.666667,9.6,15,Iowa,"Waterloo-Cedar Falls, IA"
Knots,4.645833,9.6,9,Iowa,"Waterloo-Cedar Falls, IA"
Knots,9.941667,14.8,15,Iowa,"Waterloo-Cedar Falls, IA"
Knots,14.191667,21.5,14,Iowa,"Waterloo-Cedar Falls, IA"
Knots,3.5875,7.9,0,Iowa,"Waterloo-Cedar Falls, IA"
Knots,9.179167,12.2,17,Iowa,"Waterloo-Cedar Falls, IA"
Knots,10.079167,17.3,10,Iowa,"Waterloo-Cedar Falls, IA"
Knots,2.083333,6.1,14,Iowa,"Waterloo-Cedar Falls, IA"
Knots,2.3125,7.5,23,Iowa,"Waterloo-Cedar Falls, IA"
Knots,7.9,16,21,Iowa,"Waterloo-Cedar Falls, IA"
Knots,10.404167,16.6,8,Iowa,"Waterloo-Cedar Falls, IA"
Knots,15.408333,21.4,15,Iowa,"Waterloo-Cedar Falls, IA"
Knots,13.5,18.1,16,Iowa,"Waterloo-Cedar Falls, IA"
Knots,12.408333,17.8,8,Iowa,"Waterloo-Cedar Falls, IA"
Knots,2.65,5.8,0,Iowa,"Waterloo-Cedar Falls, IA"
Knots,12.658333,20.6,12,Iowa,"Waterloo-Cedar Falls, IA"
Knots,3.9125,9.6,0,Iowa,"Waterloo-Cedar Falls, IA"
Knots,7.508333,13.7,11,Iowa,"Waterloo-Cedar Falls, IA"
Knots,10.304167,17.1,10,Iowa,"Waterloo-Cedar Falls, IA"
Knots,7.520833,10.7,15,Iowa,"Waterloo-Cedar Falls, IA"
Knots,9.495833,14.9,11,Iowa,"Waterloo-Cedar Falls, IA"
Knots,8.129167,11.1,12,Iowa,"Waterloo-Cedar Falls, IA"
Knots,7.858333,13.5,13,Iowa,"Waterloo-Cedar Falls, IA"
Knots,9.666667,12.9,17,Iowa,"Waterloo-Cedar Falls, IA"
Knots,12.116667,17.2,8,Iowa,"Waterloo-Cedar Falls, IA"
Knots,15.058333,19.8,14,Iowa,"Waterloo-Cedar Falls, IA"
Knots,14.275,22.2,10,Iowa,"Waterloo-Cedar Falls, IA"
Knots,9.945833,14,16,Iowa,"Waterloo-Cedar Falls, IA"
Knots,7.0375,12.6,0,Iowa,"Waterloo-Cedar Falls, IA"
Knots,3.495833,7.6,22,Iowa,"Waterloo-Cedar Falls, IA"
Knots,4.8,10.1,12,Iowa,"Waterloo-Cedar Falls, IA"
Knots,7.1625,16.5,23,Iowa,"Waterloo-Cedar Falls, IA"
Knots,10.570833,16.4,8,Iowa,"Waterloo-Cedar Falls, IA"
Knots,4.583333,9.3,14,Iowa,"Waterloo-Cedar Falls, IA"
Knots,6.291667,13.4,15,Iowa,"Waterloo-Cedar Falls, IA"
Knots,7.233333,11.3,10,Iowa,"Waterloo-Cedar Falls, IA"
Knots,5.8,9,12,Iowa,"Waterloo-Cedar Falls, IA"
Knots,7.008333,14,13,Iowa,"Waterloo-Cedar Falls, IA"
Knots,8.754167,17,15,Iowa,"Waterloo-Cedar Falls, IA"
Knots,10.2125,16.1,0,Iowa,"Waterloo-Cedar Falls, IA"
Knots,4.129167,10.7,17,Iowa,"Waterloo-Cedar Falls, IA"
Knots,3.9375,6.6,0,Iowa,"Waterloo-Cedar Falls, IA"
Knots,8.916667,21.1,13,Iowa,"Waterloo-Cedar Falls, IA"
Knots,4.55,8.9,6,Iowa,"Waterloo-Cedar Falls, IA"
Knots,1.658333,4.8,11,Iowa,"Clinton, IA"
Knots,1.05,2.2,14,Iowa,"Clinton, IA"
Knots,1.366667,2.7,21,Iowa,"Clinton, IA"
Knots,1.5875,2.6,0,Iowa,"Clinton, IA"
Knots,0.945833,2.4,22,Iowa,"Clinton, IA"
Knots,2.5,3.8,20,Iowa,"Clinton, IA"
Knots,1.695833,2.6,16,Iowa,"Clinton, IA"
Knots,1.9625,3,13,Iowa,"Clinton, IA"
Knots,1.770833,3,11,Iowa,"Clinton, IA"
Knots,2.129167,3.6,16,Iowa,"Clinton, IA"
Knots,4.4,8.4,16,Iowa,"Clinton, IA"
Knots,2.308333,3.8,14,Iowa,"Clinton, IA"
Knots,2.016667,3.4,11,Iowa,"Clinton, IA"
Knots,2.729167,4.3,21,Iowa,"Clinton, IA"
Knots,2.55,5.1,2,Iowa,"Clinton, IA"
Knots,3.016667,4.2,20,Iowa,"Clinton, IA"
Knots,2.7625,3.9,12,Iowa,"Clinton, IA"
Knots,2.4875,4.8,12,Iowa,"Clinton, IA"
Knots,3.579167,7.6,20,Iowa,"Clinton, IA"
Knots,3.95,7.6,16,Iowa,"Clinton, IA"
Knots,4.391667,6.5,14,Iowa,"Clinton, IA"
Knots,3.254167,5.9,1,Iowa,"Clinton, IA"
Knots,2.695833,5.5,22,Iowa,"Clinton, IA"
Knots,2.183333,4.6,0,Iowa,"Clinton, IA"
Knots,3.6375,5.7,19,Iowa,"Clinton, IA"
Knots,3.3,4.9,8,Iowa,"Clinton, IA"
Knots,1.675,2.8,10,Iowa,"Clinton, IA"
Knots,1.770833,3.3,22,Iowa,"Clinton, IA"
Knots,4.495833,6.5,13,Iowa,"Clinton, IA"
Knots,5.658333,7,13,Iowa,"Clinton, IA"
Knots,2.795833,4.7,0,Iowa,"Clinton, IA"
Knots,2.4125,4.3,11,Iowa,"Clinton, IA"
Knots,1.795833,3.5,0,Iowa,"Clinton, IA"
Knots,2.333333,4.6,13,Iowa,"Clinton, IA"
Knots,2.9,5.9,7,Iowa,"Clinton, IA"
Knots,0,0,0,Iowa,"Clinton, IA"
Knots,0,0,0,Iowa,"Clinton, IA"
Knots,1.095833,3.4,12,Iowa,"Clinton, IA"
Knots,1.025,2.1,12,Iowa,"Clinton, IA"
Knots,1.1625,3.9,14,Iowa,"Clinton, IA"
Knots,1.858333,3,10,Iowa,"Clinton, IA"
Knots,2.220833,4.2,13,Iowa,"Clinton, IA"
Knots,3.783333,5.5,15,Iowa,"Clinton, IA"
Knots,3.183333,5.2,15,Iowa,"Clinton, IA"
Knots,3.254167,4.9,12,Iowa,"Clinton, IA"
Knots,3.4,4.5,12,Iowa,"Clinton, IA"
Knots,2.083333,3.6,12,Iowa,"Clinton, IA"
Knots,0.8125,2.3,15,Iowa,"Clinton, IA"
Knots,1.691667,4.9,14,Iowa,"Clinton, IA"
Knots,1.383333,3.6,13,Iowa,"Clinton, IA"
Knots,2.016667,3.7,19,Iowa,"Clinton, IA"
Knots,3.941667,6.9,12,Iowa,"Clinton, IA"
Knots,2.829167,6.4,12,Iowa,"Clinton, IA"
Knots,3.633333,5.9,10,Iowa,"Clinton, IA"
Knots,2.841667,6.3,12,Iowa,"Clinton, IA"
Knots,1.333333,3,15,Iowa,"Clinton, IA"
Knots,2.579167,5,14,Iowa,"Clinton, IA"
Knots,2.404167,4.5,23,Iowa,"Clinton, IA"
Knots,3.575,6.9,13,Iowa,"Clinton, IA"
Knots,2.125,4,8,Iowa,"Clinton, IA"
Knots,3.825,6,9,Iowa,"Clinton, IA"
Knots,1.858333,4.2,15,Iowa,"Clinton, IA"
Knots,2.383333,4.2,13,Iowa,"Clinton, IA"
Knots,1.5125,2.9,14,Iowa,"Clinton, IA"
Knots,1.445833,2.4,21,Iowa,"Clinton, IA"
Knots,3.404167,5.8,9,Iowa,"Clinton, IA"
Knots,2.870833,5.1,9,Iowa,"Clinton, IA"
Knots,3.633333,6.9,14,Iowa,"Clinton, IA"
Knots,6.375,9.9,21,Iowa,"Clinton, IA"
Knots,3.858333,6.2,8,Iowa,"Clinton, IA"
Knots,0.820833,2.9,10,Iowa,"Clinton, IA"
Knots,1.291667,3.4,13,Iowa,"Clinton, IA"
Knots,4.279167,7.1,19,Iowa,"Clinton, IA"
Knots,5.670833,8,10,Iowa,"Clinton, IA"
Knots,1.525,2.4,19,Iowa,"Clinton, IA"
Knots,3.6625,4.9,4,Iowa,"Clinton, IA"
Knots,5.045833,6.9,13,Iowa,"Clinton, IA"
Knots,2.9125,3.8,11,Iowa,"Clinton, IA"
Knots,3.4,5.6,14,Iowa,"Clinton, IA"
Knots,4.55,8.3,11,Iowa,"Clinton, IA"
Knots,3.133333,5.6,1,Iowa,"Clinton, IA"
Knots,3.529167,5.4,11,Iowa,"Clinton, IA"
Knots,5.416667,8,12,Iowa,"Clinton, IA"
Knots,2.2375,3.6,13,Iowa,"Clinton, IA"
Knots,1.170833,3.4,23,Iowa,"Clinton, IA"
Knots,3.6875,6.8,22,Iowa,"Clinton, IA"
Knots,5.554167,9.1,10,Iowa,"Clinton, IA"
Knots,7.095833,11.8,12,Iowa,"Clinton, IA"
Knots,5.35,7.1,3,Iowa,"Clinton, IA"
Knots,5.441667,8.2,11,Iowa,"Clinton, IA"
Knots,2.079167,3.3,8,Iowa,"Clinton, IA"
Knots,4.1375,6.7,13,Iowa,"Clinton, IA"
Knots,4.3625,6.9,3,Iowa,"Clinton, IA"
Knots,2.958333,6.9,16,Iowa,"Clinton, IA"
Knots,3.566667,6.3,15,Iowa,"Clinton, IA"
Knots,4.4125,6.9,13,Iowa,"Clinton, IA"
Knots,3.575,4.8,16,Iowa,"Clinton, IA"
Knots,4.170833,6.2,9,Iowa,"Clinton, IA"
Knots,4.025,5.6,9,Iowa,"Clinton, IA"
Knots,2.6625,4.6,14,Iowa,"Clinton, IA"
Knots,4.525,6.9,7,Iowa,"Clinton, IA"
Knots,3.758333,6.9,13,Iowa,"Clinton, IA"
Knots,3.758333,6.1,12,Iowa,"Clinton, IA"
Knots,3.183333,5.7,13,Iowa,"Clinton, IA"
Knots,3.104167,5.3,13,Iowa,"Clinton, IA"
Knots,1.333333,2.8,10,Iowa,"Clinton, IA"
Knots,1.933333,3.8,8,Iowa,"Clinton, IA"
Knots,2.158333,4,15,Iowa,"Clinton, IA"
Knots,4.116667,5.9,13,Iowa,"Clinton, IA"
Knots,1.329167,2.6,17,Iowa,"Clinton, IA"
Knots,2.691667,5.6,11,Iowa,"Clinton, IA"
Knots,2.920833,4.7,9,Iowa,"Clinton, IA"
Knots,3.766667,5.8,14,Iowa,"Clinton, IA"
Knots,2.5125,6.3,16,Iowa,"Clinton, IA"
Knots,3.145833,6.1,23,Iowa,"Clinton, IA"
Knots,6.3625,9.3,14,Iowa,"Clinton, IA"
Knots,4.575,7.1,14,Iowa,"Clinton, IA"
Knots,2.195833,4.8,20,Iowa,"Clinton, IA"
Knots,2.6125,5.7,15,Iowa,"Clinton, IA"
Knots,2.170833,3.5,7,Iowa,"Clinton, IA"
Knots,1.95,3.4,0,Iowa,"Clinton, IA"
Knots,2.845833,5.9,9,Iowa,"Clinton, IA"
Knots,1.341667,3,10,Iowa,"Clinton, IA"
Knots,2.795833,5.7,11,Iowa,"Clinton, IA"
Knots,1.054167,2.4,15,Iowa,"Clinton, IA"
Knots,1.225,3,13,Iowa,"Clinton, IA"
Knots,2.45,5.9,12,Iowa,"Clinton, IA"
Knots,2.579167,7,10,Iowa,"Clinton, IA"
Knots,3.358333,8.1,14,Iowa,"Clinton, IA"
Knots,6.133333,9.2,20,Iowa,"Clinton, IA"
Knots,4.591667,7,0,Iowa,"Clinton, IA"
Knots,1.4625,4,10,Iowa,"Clinton, IA"
Knots,1.208333,3.3,11,Iowa,"Clinton, IA"
Knots,5.208333,8.4,18,Iowa,"Clinton, IA"
Knots,7.054167,10.2,13,Iowa,"Clinton, IA"
Knots,2.0875,3.3,14,Iowa,"Clinton, IA"
Knots,4.991667,7.3,22,Iowa,"Clinton, IA"
Knots,7.379167,9.9,12,Iowa,"Clinton, IA"
Knots,2.958333,4.9,1,Iowa,"Clinton, IA"
Knots,2.308333,5.8,14,Iowa,"Clinton, IA"
Knots,4.316667,8.7,11,Iowa,"Clinton, IA"
Knots,2.758333,5.6,2,Iowa,"Clinton, IA"
Knots,3.129167,7.7,20,Iowa,"Clinton, IA"
Knots,6.204167,11.5,12,Iowa,"Clinton, IA"
Knots,2.8125,5.1,19,Iowa,"Clinton, IA"
Knots,1.208333,2.4,13,Iowa,"Clinton, IA"
Knots,3.975,6.3,17,Iowa,"Clinton, IA"
Knots,4.629167,7.6,14,Iowa,"Clinton, IA"
Knots,7.316667,11.7,12,Iowa,"Clinton, IA"
Knots,5.766667,7.7,13,Iowa,"Clinton, IA"
Knots,4.979167,8.2,13,Iowa,"Clinton, IA"
Knots,2.2875,4.9,7,Iowa,"Clinton, IA"
Knots,4.491667,8,16,Iowa,"Clinton, IA"
Knots,4.516667,8.9,9,Iowa,"Clinton, IA"
Knots,2.320833,6.2,16,Iowa,"Clinton, IA"
Knots,3.054167,6.6,16,Iowa,"Clinton, IA"
Knots,3.291667,6.3,13,Iowa,"Clinton, IA"
Knots,2.7875,5.2,17,Iowa,"Clinton, IA"
Knots,4.095833,6.3,12,Iowa,"Clinton, IA"
Knots,4.379167,7.2,13,Iowa,"Clinton, IA"
Knots,4.141667,7.6,14,Iowa,"Clinton, IA"
Knots,3.541667,4.9,10,Iowa,"Clinton, IA"
Knots,4.416667,8.7,14,Iowa,"Clinton, IA"
Knots,4.820833,8.4,11,Iowa,"Clinton, IA"
Knots,2.858333,5.2,10,Iowa,"Clinton, IA"
Knots,2.8625,5,14,Iowa,"Clinton, IA"
Knots,1.745833,4.3,13,Iowa,"Clinton, IA"
Knots,2.108333,4.1,14,Iowa,"Clinton, IA"
Knots,2.3125,5,15,Iowa,"Clinton, IA"
Knots,4.020833,6.4,13,Iowa,"Clinton, IA"
Knots,1.466667,2.7,12,Iowa,"Clinton, IA"
Knots,2.9375,6.1,11,Iowa,"Clinton, IA"
Knots,3.7625,6.1,10,Iowa,"Clinton, IA"
Knots,3.1375,5.7,13,Iowa,"Clinton, IA"
Knots,2.170833,5.6,15,Iowa,"Clinton, IA"
Knots,3.791667,7.1,22,Iowa,"Clinton, IA"
Knots,5.966667,9.9,13,Iowa,"Clinton, IA"
Knots,4.120833,6.7,16,Iowa,"Clinton, IA"
Knots,2.858333,4.1,4,Iowa,"Clinton, IA"
Knots,2.541667,5.1,14,Iowa,"Clinton, IA"
Knots,2.720833,5.3,7,Iowa,"Clinton, IA"
Knots,2.020833,5.7,10,Iowa,"Omaha-Council Bluffs, NE-IA"
Knots,6.166667,14.4,13,Iowa,"Omaha-Council Bluffs, NE-IA"
Knots,1.3875,4.2,2,Iowa,"Omaha-Council Bluffs, NE-IA"
Knots,2.433333,6,15,Iowa,"Omaha-Council Bluffs, NE-IA"
Knots,1.154167,4.9,15,Iowa,"Omaha-Council Bluffs, NE-IA"
Knots,2.925,6.9,15,Iowa,"Omaha-Council Bluffs, NE-IA"
Knots,7.658333,16.2,14,Iowa,"Omaha-Council Bluffs, NE-IA"
Knots,3.666667,7.6,23,Iowa,"Omaha-Council Bluffs, NE-IA"
Knots,6.633333,12.2,11,Iowa,"Omaha-Council Bluffs, NE-IA"
Knots,10.3125,22.8,13,Iowa,"Omaha-Council Bluffs, NE-IA"
Knots,2.775,7.9,0,Iowa,"Omaha-Council Bluffs, NE-IA"
Knots,1.433333,4.7,15,Iowa,"Omaha-Council Bluffs, NE-IA"
Knots,2.945833,7,10,Iowa,"Omaha-Council Bluffs, NE-IA"
Knots,7.416667,11.9,12,Iowa,"Omaha-Council Bluffs, NE-IA"
Knots,4.941667,8.5,0,Iowa,"Omaha-Council Bluffs, NE-IA"
Knots,1.279167,3,10,Iowa,"Omaha-Council Bluffs, NE-IA"
Knots,4.208333,5.7,19,Iowa,"Omaha-Council Bluffs, NE-IA"
Knots,4.0875,6.5,11,Iowa,"Omaha-Council Bluffs, NE-IA"
Knots,2.741667,6.5,15,Iowa,"Omaha-Council Bluffs, NE-IA"
Knots,7.704167,10.2,11,Iowa,"Omaha-Council Bluffs, NE-IA"
Knots,8.604167,17.6,13,Iowa,"Omaha-Council Bluffs, NE-IA"
Knots,3.479167,7.1,16,Iowa,"Omaha-Council Bluffs, NE-IA"
Knots,2.816667,5.5,9,Iowa,"Omaha-Council Bluffs, NE-IA"
Knots,4.854167,8.3,13,Iowa,"Omaha-Council Bluffs, NE-IA"
Knots,1.15,3.4,11,Iowa,"Omaha-Council Bluffs, NE-IA"
Knots,2.2875,5.4,15,Iowa,"Omaha-Council Bluffs, NE-IA"
Knots,4.116667,7.6,20,Iowa,"Omaha-Council Bluffs, NE-IA"
Knots,4.025,9.6,21,Iowa,"Omaha-Council Bluffs, NE-IA"
Knots,10.104167,17.4,15,Iowa,"Omaha-Council Bluffs, NE-IA"
Knots,5.9,9.3,1,Iowa,"Omaha-Council Bluffs, NE-IA"
Knots,4.45,9,14,Iowa,"Omaha-Council Bluffs, NE-IA"
Knots,3.954167,8.9,21,Iowa,"Omaha-Council Bluffs, NE-IA"
Knots,10.720833,16.6,15,Iowa,"Omaha-Council Bluffs, NE-IA"
Knots,2.370833,9.1,0,Iowa,"Omaha-Council Bluffs, NE-IA"
Knots,3.275,9.3,22,Iowa,"Omaha-Council Bluffs, NE-IA"
Knots,7.291667,10.3,17,Iowa,"Omaha-Council Bluffs, NE-IA"
Knots,5.9375,10.2,10,Iowa,"Omaha-Council Bluffs, NE-IA"
Knots,3.4875,6,0,Iowa,"Omaha-Council Bluffs, NE-IA"
Knots,4.620833,6.8,9,Iowa,"Omaha-Council Bluffs, NE-IA"
Knots,3.2625,6.4,14,Iowa,"Omaha-Council Bluffs, NE-IA"
Knots,3.308333,7.2,13,Iowa,"Omaha-Council Bluffs, NE-IA"
Knots,2.745833,8.1,19,Iowa,"Omaha-Council Bluffs, NE-IA"
Knots,6.525,10.2,15,Iowa,"Omaha-Council Bluffs, NE-IA"
Knots,5.308333,9.1,12,Iowa,"Omaha-Council Bluffs, NE-IA"
Knots,3.1125,6.1,12,Iowa,"Omaha-Council Bluffs, NE-IA"
Knots,1.366667,4.3,13,Iowa,"Omaha-Council Bluffs, NE-IA"
Knots,1.908333,3.5,17,Iowa,"Omaha-Council Bluffs, NE-IA"
Knots,2.745833,5.8,11,Iowa,"Omaha-Council Bluffs, NE-IA"
Knots,2.425,6.1,14,Iowa,"Omaha-Council Bluffs, NE-IA"
Knots,3.775,5.6,14,Iowa,"Omaha-Council Bluffs, NE-IA"
Knots,1.9375,4.8,10,Iowa,"Omaha-Council Bluffs, NE-IA"
Knots,3.2375,6.1,8,Iowa,"Omaha-Council Bluffs, NE-IA"
Knots,4.604167,9.8,11,Iowa,"Omaha-Council Bluffs, NE-IA"
Knots,4.8125,7.3,11,Iowa,"Omaha-Council Bluffs, NE-IA"
Knots,2.891667,6.7,11,Iowa,"Omaha-Council Bluffs, NE-IA"
Knots,6.595833,11,10,Iowa,"Omaha-Council Bluffs, NE-IA"
Knots,5.758333,10.7,0,Iowa,"Omaha-Council Bluffs, NE-IA"
Knots,2.895833,5.1,11,Iowa,"Omaha-Council Bluffs, NE-IA"
Knots,2.395833,5.5,8,Iowa,"Omaha-Council Bluffs, NE-IA"
Knots,2.220833,6.2,14,Iowa,"Omaha-Council Bluffs, NE-IA"
Knots,1.308333,4.7,9,Iowa,"Omaha-Council Bluffs, NE-IA"
Knots,5.266667,7.9,9,Iowa,"Iowa City, IA"
Knots,1.558333,3.6,10,Iowa,"Iowa City, IA"
Knots,1.741667,2.9,17,Iowa,"Iowa City, IA"
Knots,1.7,2.6,0,Iowa,"Iowa City, IA"
Knots,0.791667,1.9,11,Iowa,"Iowa City, IA"
Knots,3.558333,4.9,20,Iowa,"Iowa City, IA"
Knots,3.358333,4.3,10,Iowa,"Iowa City, IA"
Knots,2.883333,4,1,Iowa,"Iowa City, IA"
Knots,2.0125,3.2,22,Iowa,"Iowa City, IA"
Knots,3.741667,5.3,7,Iowa,"Iowa City, IA"
Knots,3.695833,5.8,12,Iowa,"Iowa City, IA"
Knots,1.0375,3.2,14,Iowa,"Iowa City, IA"
Knots,1.004167,3,13,Iowa,"Iowa City, IA"
Knots,2.441667,8.2,13,Iowa,"Iowa City, IA"
Knots,2.133333,4.9,13,Iowa,"Iowa City, IA"
Knots,6.408333,9.2,5,Iowa,"Iowa City, IA"
Knots,4.4,6.1,14,Iowa,"Iowa City, IA"
Knots,3.175,7.3,15,Iowa,"Iowa City, IA"
Knots,4.345833,12.8,18,Iowa,"Iowa City, IA"
Knots,3.008333,7.2,15,Iowa,"Iowa City, IA"
Knots,5.508333,10,20,Iowa,"Iowa City, IA"
Knots,4.408333,8.3,0,Iowa,"Iowa City, IA"
Knots,2.4625,4.9,19,Iowa,"Iowa City, IA"
Knots,2.529167,4.9,11,Iowa,"Iowa City, IA"
Knots,6.054167,8.3,17,Iowa,"Iowa City, IA"
Knots,5.695833,7.6,10,Iowa,"Iowa City, IA"
Knots,3.279167,5.5,10,Iowa,"Iowa City, IA"
Knots,1.904167,3.6,19,Iowa,"Iowa City, IA"
Knots,3.683333,4.9,13,Iowa,"Iowa City, IA"
Knots,3.5625,5.5,13,Iowa,"Iowa City, IA"
Knots,0,0,0,Iowa,"Iowa City, IA"
Knots,0,0,0,Iowa,"Iowa City, IA"
Knots,0,0,0,Iowa,"Iowa City, IA"
Knots,1.5625,4.5,15,Iowa,"Iowa City, IA"
Knots,5.991667,11.3,13,Iowa,"Iowa City, IA"
Knots,5.533333,7.7,15,Iowa,"Iowa City, IA"
Knots,4.45,7.1,15,Iowa,"Iowa City, IA"
Knots,2.7875,4.4,0,Iowa,"Iowa City, IA"
Knots,2.633333,3.5,19,Iowa,"Iowa City, IA"
Knots,2.008333,3.3,4,Iowa,"Iowa City, IA"
Knots,3.825,5.9,13,Iowa,"Iowa City, IA"
Knots,4.508333,5.9,14,Iowa,"Iowa City, IA"
Knots,5.7875,8.2,15,Iowa,"Iowa City, IA"
Knots,5.004167,7.6,10,Iowa,"Iowa City, IA"
Knots,5.270833,6.1,1,Iowa,"Iowa City, IA"
Knots,4.983333,6.5,11,Iowa,"Iowa City, IA"
Knots,2.370833,4.8,7,Iowa,"Iowa City, IA"
Knots,1.254167,2.7,12,Iowa,"Iowa City, IA"
Knots,2.116667,4,15,Iowa,"Iowa City, IA"
Knots,1.516667,2.6,12,Iowa,"Iowa City, IA"
Knots,2.841667,4.2,14,Iowa,"Iowa City, IA"
Knots,3.529167,7.3,22,Iowa,"Iowa City, IA"
Knots,3.729167,6.4,11,Iowa,"Iowa City, IA"
Knots,2.720833,4.6,3,Iowa,"Iowa City, IA"
Knots,5.025,8.6,9,Iowa,"Iowa City, IA"
Knots,1.4,3.2,0,Iowa,"Iowa City, IA"
Knots,1.9875,4.4,13,Iowa,"Iowa City, IA"
Knots,1.995833,3.9,23,Iowa,"Iowa City, IA"
Knots,5.9,10.7,13,Iowa,"Iowa City, IA"
Knots,3.095833,7.6,0,Iowa,"Iowa City, IA"
Knots,2.266667,4.9,10,Iowa,"Iowa City, IA"
Knots,1.245833,3.2,16,Iowa,"Iowa City, IA"
Knots,3.233333,5.6,9,Iowa,"Iowa City, IA"
Knots,1.516667,2.3,2,Iowa,"Iowa City, IA"
Knots,2.108333,4.5,16,Iowa,"Iowa City, IA"
Knots,3.15,5.8,15,Iowa,"Iowa City, IA"
Knots,1.7875,3.4,3,Iowa,"Iowa City, IA"
Knots,3.708333,7.8,13,Iowa,"Iowa City, IA"
Knots,4.758333,7.3,15,Iowa,"Iowa City, IA"
Knots,3.7875,6.8,15,Iowa,"Iowa City, IA"
Knots,1.775,4.8,9,Iowa,"Iowa City, IA"
Knots,1.829167,3.5,13,Iowa,"Iowa City, IA"
Knots,4.691667,7.7,21,Iowa,"Iowa City, IA"
Knots,4.929167,7.1,1,Iowa,"Iowa City, IA"
Knots,2.729167,3.6,15,Iowa,"Iowa City, IA"
Knots,4.925,8.6,22,Iowa,"Iowa City, IA"
Knots,7.966667,10.6,14,Iowa,"Iowa City, IA"
Knots,2.5625,4.8,9,Iowa,"Iowa City, IA"
Knots,3.225,6.2,14,Iowa,"Iowa City, IA"
Knots,4.904167,8.8,12,Iowa,"Iowa City, IA"
Knots,2.470833,4.3,20,Iowa,"Iowa City, IA"
Knots,3.8875,6.1,13,Iowa,"Iowa City, IA"
Knots,3.6625,6.5,6,Iowa,"Iowa City, IA"
Knots,2.466667,4,11,Iowa,"Iowa City, IA"
Knots,1.125,2.4,0,Iowa,"Iowa City, IA"
Knots,4.741667,10.7,20,Iowa,"Iowa City, IA"
Knots,6.370833,10.2,14,Iowa,"Iowa City, IA"
Knots,6.058333,10.2,12,Iowa,"Iowa City, IA"
Knots,7.016667,10.5,10,Iowa,"Iowa City, IA"
Knots,6.7375,10.2,16,Iowa,"Iowa City, IA"
Knots,2.079167,4,1,Iowa,"Iowa City, IA"
Knots,4.325,7.7,13,Iowa,"Iowa City, IA"
Knots,2.5,4.8,5,Iowa,"Iowa City, IA"
Knots,2.479167,5.7,14,Iowa,"Iowa City, IA"
Knots,3.558333,6.3,14,Iowa,"Iowa City, IA"
Knots,2.883333,5,14,Iowa,"Iowa City, IA"
Knots,3.616667,7.2,15,Iowa,"Iowa City, IA"
Knots,3.529167,5.1,2,Iowa,"Iowa City, IA"
Knots,3.316667,5.7,21,Iowa,"Iowa City, IA"
Knots,6.404167,9.3,18,Iowa,"Iowa City, IA"
Knots,6.479167,9.6,10,Iowa,"Iowa City, IA"
Knots,5.008333,8.2,10,Iowa,"Iowa City, IA"
Knots,4.379167,6.3,16,Iowa,"Iowa City, IA"
Knots,4.6625,7.7,14,Iowa,"Iowa City, IA"
Knots,3.854167,5.8,11,Iowa,"Iowa City, IA"
Knots,1.641667,3.6,9,Iowa,"Iowa City, IA"
Knots,2.629167,5.6,16,Iowa,"Iowa City, IA"
Knots,2.866667,5.2,11,Iowa,"Iowa City, IA"
Knots,4.825,8.1,12,Iowa,"Iowa City, IA"
Knots,3.095833,6,15,Iowa,"Iowa City, IA"
Knots,3.020833,6.4,15,Iowa,"Iowa City, IA"
Knots,2,3.5,11,Iowa,"Iowa City, IA"
Knots,2.3,4.4,10,Iowa,"Iowa City, IA"
Knots,3.816667,8.4,12,Iowa,"Iowa City, IA"
Knots,3.783333,6,14,Iowa,"Iowa City, IA"
Knots,4.55,7.5,11,Iowa,"Iowa City, IA"
Knots,3.0125,6,15,Iowa,"Iowa City, IA"
Knots,2.2375,4.8,7,Iowa,"Iowa City, IA"
Knots,4.4875,10.3,17,Iowa,"Iowa City, IA"
Knots,2.379167,5.8,8,Iowa,"Iowa City, IA"
Knots,4.845833,6.3,10,Iowa,"Cedar Rapids, IA"
Knots,2.2875,4.2,10,Iowa,"Cedar Rapids, IA"
Knots,2.545833,4.4,17,Iowa,"Cedar Rapids, IA"
Knots,3.016667,4,19,Iowa,"Cedar Rapids, IA"
Knots,0.920833,2.5,22,Iowa,"Cedar Rapids, IA"
Knots,4.241667,5.9,14,Iowa,"Cedar Rapids, IA"
Knots,3.7375,5.4,0,Iowa,"Cedar Rapids, IA"
Knots,3.541667,4.4,14,Iowa,"Cedar Rapids, IA"
Knots,3.0375,4.3,15,Iowa,"Cedar Rapids, IA"
Knots,3.779167,6.3,4,Iowa,"Cedar Rapids, IA"
Knots,4.858333,7.1,12,Iowa,"Cedar Rapids, IA"
Knots,2.716667,4.5,11,Iowa,"Cedar Rapids, IA"
Knots,1.433333,3.6,12,Iowa,"Cedar Rapids, IA"
Knots,4.333333,8.9,21,Iowa,"Cedar Rapids, IA"
Knots,4.1,6.9,0,Iowa,"Cedar Rapids, IA"
Knots,6.6125,8.9,18,Iowa,"Cedar Rapids, IA"
Knots,4.25,6.8,13,Iowa,"Cedar Rapids, IA"
Knots,3.7125,8.4,13,Iowa,"Cedar Rapids, IA"
Knots,5.5375,12.3,16,Iowa,"Cedar Rapids, IA"
Knots,4.891667,9,14,Iowa,"Cedar Rapids, IA"
Knots,7.645833,10.1,13,Iowa,"Cedar Rapids, IA"
Knots,4.575,6.9,15,Iowa,"Cedar Rapids, IA"
Knots,3.4,6.3,16,Iowa,"Cedar Rapids, IA"
Knots,2.704167,5,11,Iowa,"Cedar Rapids, IA"
Knots,6.245833,9,20,Iowa,"Cedar Rapids, IA"
Knots,5.6875,8,4,Iowa,"Cedar Rapids, IA"
Knots,3.245833,5,10,Iowa,"Cedar Rapids, IA"
Knots,2.7375,5.4,16,Iowa,"Cedar Rapids, IA"
Knots,6.0375,7.4,16,Iowa,"Cedar Rapids, IA"
Knots,6.478571,7.8,10,Iowa,"Cedar Rapids, IA"
Knots,2.564706,4.2,23,Iowa,"Cedar Rapids, IA"
Knots,5.129167,7.2,14,Iowa,"Cedar Rapids, IA"
Knots,2.1,5.2,0,Iowa,"Cedar Rapids, IA"
Knots,5.054167,12.9,14,Iowa,"Cedar Rapids, IA"
Knots,4.691667,7.4,15,Iowa,"Cedar Rapids, IA"
Knots,3.175,5,13,Iowa,"Cedar Rapids, IA"
Knots,3.1375,4.7,16,Iowa,"Cedar Rapids, IA"
Knots,2.358333,4.7,15,Iowa,"Cedar Rapids, IA"
Knots,4.020833,5.9,13,Iowa,"Cedar Rapids, IA"
Knots,4.429167,6.3,12,Iowa,"Cedar Rapids, IA"
Knots,5.829167,7.5,9,Iowa,"Cedar Rapids, IA"
Knots,5.529167,7.4,13,Iowa,"Cedar Rapids, IA"
Knots,5.875,7.7,12,Iowa,"Cedar Rapids, IA"
Knots,5.204167,6.4,10,Iowa,"Cedar Rapids, IA"
Knots,2.95,5.2,0,Iowa,"Cedar Rapids, IA"
Knots,1.858333,3.6,15,Iowa,"Cedar Rapids, IA"
Knots,2.833333,5.9,13,Iowa,"Cedar Rapids, IA"
Knots,2.591667,5.2,13,Iowa,"Cedar Rapids, IA"
Knots,3.670833,7,16,Iowa,"Cedar Rapids, IA"
Knots,4.8875,7.2,12,Iowa,"Cedar Rapids, IA"
Knots,5.866667,8.6,1,Iowa,"Cedar Rapids, IA"
Knots,4.9625,8.1,0,Iowa,"Cedar Rapids, IA"
Knots,5.795833,9.2,9,Iowa,"Cedar Rapids, IA"
Knots,2.2,4.8,12,Iowa,"Cedar Rapids, IA"
Knots,3.45,7.1,13,Iowa,"Cedar Rapids, IA"
Knots,2.466667,5.4,16,Iowa,"Cedar Rapids, IA"
Knots,6.858333,12.4,12,Iowa,"Cedar Rapids, IA"
Knots,3.395833,6.3,0,Iowa,"Cedar Rapids, IA"
Knots,4.279167,7.6,12,Iowa,"Cedar Rapids, IA"
Knots,2.054167,4,15,Iowa,"Cedar Rapids, IA"
Knots,3.658333,7.2,11,Iowa,"Cedar Rapids, IA"
Knots,2.033333,3.5,13,Iowa,"Cedar Rapids, IA"
Knots,2.454167,4.6,14,Iowa,"Cedar Rapids, IA"
Knots,4.566667,6.3,14,Iowa,"Cedar Rapids, IA"
Knots,3.070833,7,10,Iowa,"Cedar Rapids, IA"
Knots,5.454167,10.3,14,Iowa,"Cedar Rapids, IA"
Knots,7.420833,10.9,21,Iowa,"Cedar Rapids, IA"
Knots,7.225,10.3,11,Iowa,"Cedar Rapids, IA"
Knots,2.3875,6.3,9,Iowa,"Cedar Rapids, IA"
Knots,2.191667,4.9,12,Iowa,"Cedar Rapids, IA"
Knots,6.0625,10.1,23,Iowa,"Cedar Rapids, IA"
Knots,6.8875,10.2,11,Iowa,"Cedar Rapids, IA"
Knots,3.820833,5.3,18,Iowa,"Cedar Rapids, IA"
Knots,5.958333,8.7,23,Iowa,"Cedar Rapids, IA"
Knots,8.370833,12.7,12,Iowa,"Cedar Rapids, IA"
Knots,3.4125,6.2,9,Iowa,"Cedar Rapids, IA"
Knots,4.116667,7.6,14,Iowa,"Cedar Rapids, IA"
Knots,7.029167,10.2,16,Iowa,"Cedar Rapids, IA"
Knots,3.6125,4.9,2,Iowa,"Cedar Rapids, IA"
Knots,4.529167,6.7,15,Iowa,"Cedar Rapids, IA"
Knots,7.695833,12.2,9,Iowa,"Cedar Rapids, IA"
Knots,3.2625,5.6,12,Iowa,"Cedar Rapids, IA"
Knots,2.047826,3.6,17,Iowa,"Cedar Rapids, IA"
Knots,6.0875,10.1,19,Iowa,"Cedar Rapids, IA"
Knots,5.9875,9.9,12,Iowa,"Cedar Rapids, IA"
Knots,7.9625,12.1,15,Iowa,"Cedar Rapids, IA"
Knots,7.129167,11.5,16,Iowa,"Cedar Rapids, IA"
Knots,6.683333,9.6,11,Iowa,"Cedar Rapids, IA"
Knots,2.283333,5.4,1,Iowa,"Cedar Rapids, IA"
Knots,5.945833,9.7,14,Iowa,"Cedar Rapids, IA"
Knots,4.4,8.7,9,Iowa,"Cedar Rapids, IA"
Knots,4.4,8.2,14,Iowa,"Cedar Rapids, IA"
Knots,4.95,8.7,16,Iowa,"Cedar Rapids, IA"
Knots,4.791667,7.6,11,Iowa,"Cedar Rapids, IA"
Knots,4.983333,8.8,16,Iowa,"Cedar Rapids, IA"
Knots,5.1,6.6,10,Iowa,"Cedar Rapids, IA"
Knots,6.079167,9.5,12,Iowa,"Cedar Rapids, IA"
Knots,6.6875,9.6,17,Iowa,"Cedar Rapids, IA"
Knots,5.9375,7.4,4,Iowa,"Cedar Rapids, IA"
Knots,8.508333,12.4,11,Iowa,"Cedar Rapids, IA"
Knots,7.4375,12,13,Iowa,"Cedar Rapids, IA"
Knots,5.166667,7.5,8,Iowa,"Cedar Rapids, IA"
Knots,4.175,6.4,8,Iowa,"Cedar Rapids, IA"
Knots,1.945833,4,9,Iowa,"Cedar Rapids, IA"
Knots,3.641667,6.1,16,Iowa,"Cedar Rapids, IA"
Knots,3.7625,7.9,14,Iowa,"Cedar Rapids, IA"
Knots,5.370833,7.1,12,Iowa,"Cedar Rapids, IA"
Knots,3.783333,5.8,14,Iowa,"Cedar Rapids, IA"
Knots,3.925,8.9,15,Iowa,"Cedar Rapids, IA"
Knots,5.154167,8,8,Iowa,"Cedar Rapids, IA"
Knots,3.833333,6,10,Iowa,"Cedar Rapids, IA"
Knots,4.15,7,11,Iowa,"Cedar Rapids, IA"
Knots,4.958333,8.7,16,Iowa,"Cedar Rapids, IA"
Knots,6.433333,9.1,14,Iowa,"Cedar Rapids, IA"
Knots,4.704167,7.1,15,Iowa,"Cedar Rapids, IA"
Knots,3.775,6.8,7,Iowa,"Cedar Rapids, IA"
Knots,5.016667,9.6,16,Iowa,"Cedar Rapids, IA"
Knots,2.958333,6.9,8,Iowa,"Cedar Rapids, IA"
Knots,0,0,0,Iowa,"Muscatine, IA"
Knots,0,0,0,Iowa,"Muscatine, IA"
Knots,0,0,0,Iowa,"Muscatine, IA"
Knots,0,0,0,Iowa,"Muscatine, IA"
Knots,0.525,2.4,19,Iowa,"Muscatine, IA"
Knots,3.629167,5.5,18,Iowa,"Muscatine, IA"
Knots,3.958333,5.4,15,Iowa,"Muscatine, IA"
Knots,4.491667,6.5,6,Iowa,"Muscatine, IA"
Knots,1.741667,3,6,Iowa,"Muscatine, IA"
Knots,1.870833,3.2,9,Iowa,"Muscatine, IA"
Knots,3.983333,6.5,13,Iowa,"Muscatine, IA"
Knots,3.0125,4.3,15,Iowa,"Muscatine, IA"
Knots,2.858333,4.5,9,Iowa,"Muscatine, IA"
Knots,3.2,5.7,19,Iowa,"Muscatine, IA"
Knots,3.3375,6.9,15,Iowa,"Muscatine, IA"
Knots,4.4625,6.2,6,Iowa,"Muscatine, IA"
Knots,2.7875,4.2,10,Iowa,"Muscatine, IA"
Knots,2.041667,4.3,13,Iowa,"Muscatine, IA"
Knots,4.145833,8.7,18,Iowa,"Muscatine, IA"
Knots,3.929167,8.7,14,Iowa,"Muscatine, IA"
Knots,4.145833,6.3,13,Iowa,"Muscatine, IA"
Knots,3.5375,5,8,Iowa,"Muscatine, IA"
Knots,2.85,5.3,16,Iowa,"Muscatine, IA"
Knots,3.304167,6.6,15,Iowa,"Muscatine, IA"
Knots,7.220833,10.8,22,Iowa,"Muscatine, IA"
Knots,8.8,11.9,6,Iowa,"Muscatine, IA"
Knots,5.691667,9.2,6,Iowa,"Muscatine, IA"
Knots,2.266667,3.6,20,Iowa,"Muscatine, IA"
Knots,3.9375,5.4,16,Iowa,"Muscatine, IA"
Knots,5.770833,8.5,15,Iowa,"Muscatine, IA"
Knots,6.325,8.8,2,Iowa,"Muscatine, IA"
Knots,4.133333,5.6,12,Iowa,"Muscatine, IA"
Knots,2.1125,4.8,0,Iowa,"Muscatine, IA"
Knots,2.891667,4.7,13,Iowa,"Muscatine, IA"
Knots,4.258333,7,13,Iowa,"Muscatine, IA"
Knots,3.9125,6.3,12,Iowa,"Muscatine, IA"
Knots,2.716667,4,15,Iowa,"Muscatine, IA"
Knots,2.779167,4.2,8,Iowa,"Muscatine, IA"
Knots,3.833333,5.4,14,Iowa,"Muscatine, IA"
Knots,3.4125,5.6,3,Iowa,"Muscatine, IA"
Knots,4.795833,6.3,3,Iowa,"Muscatine, IA"
Knots,6.2,9.4,13,Iowa,"Muscatine, IA"
Knots,4.8125,6.3,8,Iowa,"Muscatine, IA"
Knots,4.416667,6.2,14,Iowa,"Muscatine, IA"
Knots,5.025,6.5,8,Iowa,"Muscatine, IA"
Knots,6.341667,9.3,12,Iowa,"Muscatine, IA"
Knots,2.675,4.2,1,Iowa,"Muscatine, IA"
Knots,2.029167,4.5,18,Iowa,"Muscatine, IA"
Knots,2.708333,4.4,1,Iowa,"Muscatine, IA"
Knots,2.008333,4,12,Iowa,"Muscatine, IA"
Knots,3,4.3,6,Iowa,"Muscatine, IA"
Knots,4.033333,7.5,22,Iowa,"Muscatine, IA"
Knots,4.545833,6.5,0,Iowa,"Muscatine, IA"
Knots,3.5375,5.3,4,Iowa,"Muscatine, IA"
Knots,3.9875,7.6,11,Iowa,"Muscatine, IA"
Knots,1.6875,4.6,13,Iowa,"Muscatine, IA"
Knots,2.291667,4.3,14,Iowa,"Muscatine, IA"
Knots,3.4375,5.4,19,Iowa,"Muscatine, IA"
Knots,4.716667,6.9,12,Iowa,"Muscatine, IA"
Knots,3.15,5.6,9,Iowa,"Muscatine, IA"
Knots,3.620833,6.1,13,Iowa,"Muscatine, IA"
Knots,2.695833,4.8,16,Iowa,"Muscatine, IA"
Knots,4.845833,7,10,Iowa,"Muscatine, IA"
Knots,2.475,4.7,17,Iowa,"Muscatine, IA"
Knots,2.420833,5.2,22,Iowa,"Muscatine, IA"
Knots,3.670833,7.2,16,Iowa,"Muscatine, IA"
Knots,3.1375,5.5,9,Iowa,"Muscatine, IA"
Knots,4.633333,8.4,15,Iowa,"Muscatine, IA"
Knots,6.766667,10.3,20,Iowa,"Muscatine, IA"
Knots,3.691667,6.9,10,Iowa,"Muscatine, IA"
Knots,2.933333,6.6,9,Iowa,"Muscatine, IA"
Knots,2.529167,4.2,0,Iowa,"Muscatine, IA"
Knots,7.195833,11.5,15,Iowa,"Muscatine, IA"
Knots,5.554167,10.4,6,Iowa,"Muscatine, IA"
Knots,3.204167,4.3,20,Iowa,"Muscatine, IA"
Knots,7.3125,14.6,23,Iowa,"Muscatine, IA"
Knots,12.233333,15.7,6,Iowa,"Muscatine, IA"
Knots,4.070833,6.5,8,Iowa,"Muscatine, IA"
Knots,3.15,5,12,Iowa,"Muscatine, IA"
Knots,4.8375,8.7,11,Iowa,"Muscatine, IA"
Knots,3.033333,5.1,0,Iowa,"Muscatine, IA"
Knots,4.383333,5.6,15,Iowa,"Muscatine, IA"
Knots,5.241667,7.1,7,Iowa,"Muscatine, IA"
Knots,3.566667,7.3,17,Iowa,"Muscatine, IA"
Knots,1.808333,3.6,21,Iowa,"Muscatine, IA"
Knots,4.183333,7.7,20,Iowa,"Muscatine, IA"
Knots,5.033333,7.6,14,Iowa,"Muscatine, IA"
Knots,6.958333,11.4,14,Iowa,"Muscatine, IA"
Knots,5.5,7.3,0,Iowa,"Muscatine, IA"
Knots,2.5625,6.8,8,Iowa,"Muscatine, IA"
Knots,4.5375,7.6,16,Iowa,"Muscatine, IA"
Knots,4.441667,6.7,8,Iowa,"Muscatine, IA"
Knots,3.4875,6,13,Iowa,"Muscatine, IA"
Knots,4.429167,6.8,15,Iowa,"Muscatine, IA"
Knots,3.908333,6.9,12,Iowa,"Muscatine, IA"
Knots,2.941667,5.5,16,Iowa,"Muscatine, IA"
Knots,3.570833,5.4,2,Iowa,"Muscatine, IA"
Knots,3.820833,5.3,12,Iowa,"Muscatine, IA"
Knots,6.841667,11.4,15,Iowa,"Muscatine, IA"
Knots,4.454167,6.6,10,Iowa,"Muscatine, IA"
Knots,4.369565,6.9,8,Iowa,"Muscatine, IA"
Knots,3.979167,6.1,12,Iowa,"Muscatine, IA"
Knots,3.629167,6.1,20,Iowa,"Muscatine, IA"
Knots,2.9625,4.9,16,Iowa,"Muscatine, IA"
Knots,2.2375,4.6,9,Iowa,"Muscatine, IA"
Knots,3.141667,4.4,14,Iowa,"Muscatine, IA"
Knots,2.520833,4.2,13,Iowa,"Muscatine, IA"
Knots,3.208333,6.2,8,Iowa,"Muscatine, IA"
Knots,2.254167,4,12,Iowa,"Muscatine, IA"
Knots,2.604167,4.9,14,Iowa,"Muscatine, IA"
Knots,2.183333,3.6,8,Iowa,"Muscatine, IA"
Knots,2.55,4.8,13,Iowa,"Muscatine, IA"
Knots,2.870833,5.9,15,Iowa,"Muscatine, IA"
Knots,4.675,7,22,Iowa,"Muscatine, IA"
Knots,5.320833,9.7,13,Iowa,"Muscatine, IA"
Knots,3.825,6.7,15,Iowa,"Muscatine, IA"
Knots,2.679167,7.2,7,Iowa,"Muscatine, IA"
Knots,3.35,6.9,17,Iowa,"Muscatine, IA"
Knots,2.283333,5.8,10,Iowa,"Muscatine, IA"
Knots,3.033333,6.2,15,Iowa,"Muscatine, IA"
Knots,0,0,0,Iowa,"Muscatine, IA"
Knots,0,0,0,Iowa,"Muscatine, IA"
Knots,0,0,0,Iowa,"Muscatine, IA"
Knots,0.018182,0.2,10,Iowa,"Muscatine, IA"
Knots,2.927273,4,15,Iowa,"Muscatine, IA"
Knots,1.579167,2.9,8,Iowa,"Muscatine, IA"
Knots,1.2,2.3,9,Iowa,"Muscatine, IA"
Knots,3.6,6.1,13,Iowa,"Muscatine, IA"
Knots,1.483333,4,15,Iowa,"Muscatine, IA"
Knots,1.270833,3.1,12,Iowa,"Muscatine, IA"
Knots,2.891667,6.7,19,Iowa,"Muscatine, IA"
Knots,2.695833,5.5,1,Iowa,"Muscatine, IA"
Knots,2.591667,3.6,18,Iowa,"Muscatine, IA"
Knots,1.6625,2.9,14,Iowa,"Muscatine, IA"
Knots,1.195833,2.9,13,Iowa,"Muscatine, IA"
Knots,1.127273,2.3,9,Iowa,"Muscatine, IA"
Knots,5.283333,6.3,17,Iowa,"Muscatine, IA"
Knots,5.520833,7.6,6,Iowa,"Muscatine, IA"
Knots,2.625,4.7,10,Iowa,"Muscatine, IA"
Knots,1.483333,3.6,17,Iowa,"Muscatine, IA"
Knots,3.816667,5.4,14,Iowa,"Muscatine, IA"
Knots,4.245833,5.1,4,Iowa,"Muscatine, IA"
Knots,5.179167,7.4,9,Iowa,"Muscatine, IA"
Knots,2.525,3.6,0,Iowa,"Muscatine, IA"
Knots,1.683333,2.7,5,Iowa,"Muscatine, IA"
Knots,3.320833,5,21,Iowa,"Muscatine, IA"
Knots,1.5625,4.1,0,Iowa,"Muscatine, IA"
Knots,0,0,0,Iowa,"Muscatine, IA"
Knots,0,0,0,Iowa,"Muscatine, IA"
Knots,0.683333,3,22,Iowa,"Muscatine, IA"
Knots,2.825,3.9,14,Iowa,"Muscatine, IA"
Knots,1.579167,3,20,Iowa,"Muscatine, IA"
Knots,3.675,5.7,14,Iowa,"Muscatine, IA"
Knots,4.529167,7.6,13,Iowa,"Muscatine, IA"
Knots,3.983333,5.4,16,Iowa,"Muscatine, IA"
Knots,3.770833,5.5,4,Iowa,"Muscatine, IA"
Knots,4.895833,6.4,8,Iowa,"Muscatine, IA"
Knots,5.170833,6.9,12,Iowa,"Muscatine, IA"
Knots,1.891667,3.6,13,Iowa,"Muscatine, IA"
Knots,1.308333,2.9,17,Iowa,"Muscatine, IA"
Knots,1.458333,2.8,11,Iowa,"Muscatine, IA"
Knots,1.345833,4.1,12,Iowa,"Muscatine, IA"
Knots,2.595833,4.3,16,Iowa,"Muscatine, IA"
Knots,3.4625,5.8,19,Iowa,"Muscatine, IA"
Knots,2.883333,6.7,13,Iowa,"Muscatine, IA"
Knots,2.433333,4.2,9,Iowa,"Muscatine, IA"
Knots,2.2375,5.9,11,Iowa,"Muscatine, IA"
Knots,1.204167,5,14,Iowa,"Muscatine, IA"
Knots,1.825,5,13,Iowa,"Muscatine, IA"
Knots,1.995833,4.6,22,Iowa,"Muscatine, IA"
Knots,2.841667,5.5,10,Iowa,"Muscatine, IA"
Knots,2.041667,4.2,9,Iowa,"Muscatine, IA"
Knots,2.433333,6,14,Iowa,"Muscatine, IA"
Knots,1.245833,3,15,Iowa,"Muscatine, IA"
Knots,2.575,4.3,10,Iowa,"Muscatine, IA"
Knots,1.558333,2.8,17,Iowa,"Muscatine, IA"
Knots,1.3375,2.8,9,Iowa,"Muscatine, IA"
Knots,2.770833,7.3,16,Iowa,"Muscatine, IA"
Knots,2.833333,5.9,10,Iowa,"Muscatine, IA"
Knots,3.475,7.5,13,Iowa,"Muscatine, IA"
Knots,5.7,9.4,20,Iowa,"Muscatine, IA"
Knots,2.3,4,8,Iowa,"Muscatine, IA"
Knots,1.0875,4.3,9,Iowa,"Muscatine, IA"
Knots,1.5125,3.8,12,Iowa,"Muscatine, IA"
Knots,4.129167,6.9,15,Iowa,"Muscatine, IA"
Knots,4.366667,5.8,0,Iowa,"Muscatine, IA"
Knots,2.270833,2.7,0,Iowa,"Muscatine, IA"
Knots,4.629167,8.3,23,Iowa,"Muscatine, IA"
Knots,7.729167,10.6,11,Iowa,"Muscatine, IA"
Knots,2.533333,4.2,8,Iowa,"Muscatine, IA"
Knots,2.458333,4.5,17,Iowa,"Muscatine, IA"
Knots,4.304167,8.5,11,Iowa,"Muscatine, IA"
Knots,1.983333,4.4,0,Iowa,"Muscatine, IA"
Knots,3.233333,5.6,19,Iowa,"Muscatine, IA"
Knots,5.095833,8.2,9,Iowa,"Muscatine, IA"
Knots,2.5,4.6,17,Iowa,"Muscatine, IA"
Knots,1.475,2.9,22,Iowa,"Muscatine, IA"
Knots,3.095833,4.7,5,Iowa,"Muscatine, IA"
Knots,2.883333,5.1,2,Iowa,"Muscatine, IA"
Knots,5.875,10.8,14,Iowa,"Muscatine, IA"
Knots,4.211111,5.4,0,Iowa,"Muscatine, IA"
Knots,3.4875,5.5,20,Iowa,"Muscatine, IA"
Knots,2.408333,5.1,16,Iowa,"Muscatine, IA"
Knots,1.554167,3.9,9,Iowa,"Muscatine, IA"
Knots,2.741667,4.6,20,Iowa,"Muscatine, IA"
Knots,1.604167,4.7,17,Iowa,"Muscatine, IA"
Knots,2.833333,5.4,8,Iowa,"Muscatine, IA"
Knots,1.654167,4.1,10,Iowa,"Muscatine, IA"
Knots,1.7375,4,15,Iowa,"Muscatine, IA"
Knots,3.2625,4.3,7,Iowa,"Muscatine, IA"
Knots,2.933333,5.5,11,Iowa,"Muscatine, IA"
Knots,2.254167,5.2,18,Iowa,"Muscatine, IA"
Knots,4.066667,5.2,16,Iowa,"Muscatine, IA"
Knots,5.420833,9.1,16,Iowa,"Muscatine, IA"
Knots,4.416667,7.4,15,Iowa,"Muscatine, IA"
Knots,2.6875,4.5,6,Iowa,"Muscatine, IA"
Knots,3.120833,4.9,17,Iowa,"Muscatine, IA"
Knots,2.670833,5.7,10,Iowa,"Muscatine, IA"
Knots,3.695833,6.3,14,Iowa,"Muscatine, IA"
Knots,0,0,0,Iowa,"Muscatine, IA"
Knots,0,0,0,Iowa,"Muscatine, IA"
Knots,0,0,0,Iowa,"Muscatine, IA"
Knots,0.4125,1.4,19,Iowa,"Muscatine, IA"
Knots,2.754167,3.8,15,Iowa,"Muscatine, IA"
Knots,2.504167,3,9,Iowa,"Muscatine, IA"
Knots,2.958333,4.1,6,Iowa,"Muscatine, IA"
Knots,1.9,2.6,14,Iowa,"Muscatine, IA"
Knots,2.283333,4.7,9,Iowa,"Muscatine, IA"
Knots,4.95,8,13,Iowa,"Muscatine, IA"
Knots,1.745833,4.5,15,Iowa,"Muscatine, IA"
Knots,1.6875,4.1,15,Iowa,"Muscatine, IA"
Knots,4.008333,8.9,17,Iowa,"Muscatine, IA"
Knots,3.683333,6,0,Iowa,"Muscatine, IA"
Knots,5.608333,7.3,19,Iowa,"Muscatine, IA"
Knots,3.475,5.2,11,Iowa,"Muscatine, IA"
Knots,2.216667,5.5,13,Iowa,"Muscatine, IA"
Knots,5.229167,14.4,17,Iowa,"Muscatine, IA"
Knots,3.708333,7.9,14,Iowa,"Muscatine, IA"
Knots,4.666667,8.9,12,Iowa,"Muscatine, IA"
Knots,3.466667,5.5,0,Iowa,"Muscatine, IA"
Knots,2.55,4.9,11,Iowa,"Muscatine, IA"
Knots,2.466667,6.4,0,Iowa,"Muscatine, IA"
Knots,5.320833,7.9,17,Iowa,"Muscatine, IA"
Knots,5.1125,6.9,10,Iowa,"Muscatine, IA"
Knots,3.166667,5,7,Iowa,"Muscatine, IA"
Knots,1.870833,3.6,15,Iowa,"Muscatine, IA"
Knots,4.570833,6.5,20,Iowa,"Muscatine, IA"
Knots,5.1375,5.9,4,Iowa,"Muscatine, IA"
Knots,5.2,7.8,10,Iowa,"Muscatine, IA"
Knots,4.325,5.9,22,Iowa,"Muscatine, IA"
Knots,1.941667,2.7,5,Iowa,"Muscatine, IA"
Knots,5.220833,7.9,11,Iowa,"Muscatine, IA"
Knots,6.608333,11.1,20,Iowa,"Muscatine, IA"
Knots,6.504167,10.9,12,Iowa,"Muscatine, IA"
Knots,3.045833,4.6,14,Iowa,"Muscatine, IA"
Knots,2.370833,3.4,8,Iowa,"Muscatine, IA"
Knots,2.683333,3.8,21,Iowa,"Muscatine, IA"
Knots,2.058333,3.8,2,Iowa,"Muscatine, IA"
Knots,3.325,4.9,19,Iowa,"Muscatine, IA"
Knots,4.204167,6.2,13,Iowa,"Muscatine, IA"
Knots,4.691667,6.1,9,Iowa,"Muscatine, IA"
Knots,4.408333,5.9,4,Iowa,"Muscatine, IA"
Knots,5.275,6.3,11,Iowa,"Muscatine, IA"
Knots,4.845833,5.7,12,Iowa,"Muscatine, IA"
Knots,2.804167,4.2,13,Iowa,"Muscatine, IA"
Knots,1.429167,3.2,11,Iowa,"Muscatine, IA"
Knots,2.1875,4,15,Iowa,"Muscatine, IA"
Knots,1.866667,5,12,Iowa,"Muscatine, IA"
Knots,3.225,6.8,14,Iowa,"Muscatine, IA"
Knots,5.204167,11.5,22,Iowa,"Muscatine, IA"
Knots,6.008333,11.1,0,Iowa,"Muscatine, IA"
Knots,3.995833,6.4,0,Iowa,"Muscatine, IA"
Knots,4.225,7.6,11,Iowa,"Muscatine, IA"
Knots,1.679167,5.7,13,Iowa,"Muscatine, IA"
Knots,2.425,6.3,11,Iowa,"Muscatine, IA"
Knots,2.55,5.2,22,Iowa,"Muscatine, IA"
Knots,5.395833,11.8,11,Iowa,"Muscatine, IA"
Knots,2.8375,5,1,Iowa,"Muscatine, IA"
Knots,3.441667,7.6,13,Iowa,"Muscatine, IA"
Knots,1.45,2.7,15,Iowa,"Muscatine, IA"
Knots,3.175,5,15,Iowa,"Muscatine, IA"
Knots,1.6125,3.3,3,Iowa,"Muscatine, IA"
Knots,1.829167,2.9,18,Iowa,"Muscatine, IA"
Knots,3.7375,8.9,16,Iowa,"Muscatine, IA"
Knots,3.595833,7.7,10,Iowa,"Muscatine, IA"
Knots,6.091667,12.5,13,Iowa,"Muscatine, IA"
Knots,8.208333,11.3,20,Iowa,"Muscatine, IA"
Knots,4.9875,9.4,7,Iowa,"Muscatine, IA"
Knots,1.166667,3.6,9,Iowa,"Muscatine, IA"
Knots,2.216667,5.2,12,Iowa,"Muscatine, IA"
Knots,5.1125,8.6,15,Iowa,"Muscatine, IA"
Knots,5.35,6.9,6,Iowa,"Muscatine, IA"
Knots,2.408333,3.2,17,Iowa,"Muscatine, IA"
Knots,4.7875,7.8,23,Iowa,"Muscatine, IA"
Knots,7.008333,10.2,11,Iowa,"Muscatine, IA"
Knots,2.691667,4.2,12,Iowa,"Muscatine, IA"
Knots,3.491667,6.7,14,Iowa,"Muscatine, IA"
Knots,6.9375,11.2,14,Iowa,"Muscatine, IA"
Knots,2.6375,5.6,0,Iowa,"Muscatine, IA"
Knots,4.0375,7.6,19,Iowa,"Muscatine, IA"
Knots,7.695833,11.3,10,Iowa,"Muscatine, IA"
Knots,2.729167,4.7,17,Iowa,"Muscatine, IA"
Knots,1.658333,3.6,12,Iowa,"Muscatine, IA"
Knots,4.995833,8.9,20,Iowa,"Muscatine, IA"
Knots,5.554167,8.8,11,Iowa,"Muscatine, IA"
Knots,8.841667,13.1,14,Iowa,"Muscatine, IA"
Knots,5.8625,7.8,1,Iowa,"Muscatine, IA"
Knots,5.258333,9.4,11,Iowa,"Muscatine, IA"
Knots,2.441667,4.3,9,Iowa,"Muscatine, IA"
Knots,6.845833,12.3,16,Iowa,"Muscatine, IA"
Knots,5.291667,9.2,9,Iowa,"Muscatine, IA"
Knots,3.2875,7.1,15,Iowa,"Muscatine, IA"
Knots,4.833333,7.9,16,Iowa,"Muscatine, IA"
Knots,4.3875,8.6,13,Iowa,"Muscatine, IA"
Knots,3.391667,8,15,Iowa,"Muscatine, IA"
Knots,5.4125,7.5,12,Iowa,"Muscatine, IA"
Knots,5.479167,8.3,16,Iowa,"Muscatine, IA"
Knots,6.258333,10.4,15,Iowa,"Muscatine, IA"
Knots,5.283333,7.2,11,Iowa,"Muscatine, IA"
Knots,5.4,10.2,12,Iowa,"Muscatine, IA"
Knots,5.604167,10.9,15,Iowa,"Muscatine, IA"
Knots,3.575,6.4,9,Iowa,"Muscatine, IA"
Knots,3.191667,4.8,14,Iowa,"Muscatine, IA"
Knots,1.979167,3.3,3,Iowa,"Muscatine, IA"
Knots,3.5,4.7,5,Iowa,"Muscatine, IA"
Knots,2.683333,6.9,16,Iowa,"Muscatine, IA"
Knots,4.366667,7.5,12,Iowa,"Muscatine, IA"
Knots,2.820833,4.8,15,Iowa,"Muscatine, IA"
Knots,3.3375,6.5,13,Iowa,"Muscatine, IA"
Knots,3.454167,6.7,8,Iowa,"Muscatine, IA"
Knots,3.758333,6.7,9,Iowa,"Muscatine, IA"
Knots,2.841667,6.4,13,Iowa,"Muscatine, IA"
Knots,2.979167,4.8,16,Iowa,"Muscatine, IA"
Knots,6.658333,11.6,9,Iowa,"Muscatine, IA"
Knots,5.029167,8.9,16,Iowa,"Muscatine, IA"
Knots,1.85,5.3,2,Iowa,"Muscatine, IA"
Knots,3.1125,6.9,17,Iowa,"Muscatine, IA"
Knots,2.079167,4.8,10,Iowa,"Muscatine, IA"
Knots,3.495833,4.9,16,Iowa,"Des Moines-West Des Moines, IA"
Knots,1.320833,3.6,0,Iowa,"Des Moines-West Des Moines, IA"
Knots,3.208333,6.3,21,Iowa,"Des Moines-West Des Moines, IA"
Knots,4.3125,7.3,13,Iowa,"Des Moines-West Des Moines, IA"
Knots,2.133333,3,15,Iowa,"Des Moines-West Des Moines, IA"
Knots,3.641667,4.7,9,Iowa,"Des Moines-West Des Moines, IA"
Knots,2.620833,3.9,1,Iowa,"Des Moines-West Des Moines, IA"
Knots,2.779167,3.6,12,Iowa,"Des Moines-West Des Moines, IA"
Knots,2.5375,3.3,1,Iowa,"Des Moines-West Des Moines, IA"
Knots,3.225,5.4,16,Iowa,"Des Moines-West Des Moines, IA"
Knots,4.1,7,11,Iowa,"Des Moines-West Des Moines, IA"
Knots,2.65,4.3,15,Iowa,"Des Moines-West Des Moines, IA"
Knots,2.533333,3.9,1,Iowa,"Des Moines-West Des Moines, IA"
Knots,6.890909,9.6,15,Iowa,"Des Moines-West Des Moines, IA"
Knots,7.461905,10.7,5,Iowa,"Des Moines-West Des Moines, IA"
Knots,6.068421,7.1,12,Iowa,"Des Moines-West Des Moines, IA"
Knots,4.416667,7.2,13,Iowa,"Des Moines-West Des Moines, IA"
Knots,2.3375,3.6,0,Iowa,"Des Moines-West Des Moines, IA"
Knots,5.295455,11.1,14,Iowa,"Des Moines-West Des Moines, IA"
Knots,4.8375,7.7,12,Iowa,"Des Moines-West Des Moines, IA"
Knots,5.729167,9.2,14,Iowa,"Des Moines-West Des Moines, IA"
Knots,3.1375,5.3,4,Iowa,"Des Moines-West Des Moines, IA"
Knots,3.695833,5.2,11,Iowa,"Des Moines-West Des Moines, IA"
Knots,2.508333,4.6,10,Iowa,"Des Moines-West Des Moines, IA"
Knots,4.7625,7.5,22,Iowa,"Des Moines-West Des Moines, IA"
Knots,4.845833,6.8,1,Iowa,"Des Moines-West Des Moines, IA"
Knots,2.233333,3.6,2,Iowa,"Des Moines-West Des Moines, IA"
Knots,2.808333,5.9,16,Iowa,"Des Moines-West Des Moines, IA"
Knots,3.775,5.2,23,Iowa,"Des Moines-West Des Moines, IA"
Knots,4.529412,6.1,16,Iowa,"Des Moines-West Des Moines, IA"
Knots,7.186957,8.7,4,Iowa,"Des Moines-West Des Moines, IA"
Knots,3.86087,5.7,1,Iowa,"Des Moines-West Des Moines, IA"
Knots,1.983333,3.5,16,Iowa,"Des Moines-West Des Moines, IA"
Knots,5.170833,6.7,15,Iowa,"Des Moines-West Des Moines, IA"
Knots,5.715789,10.4,16,Iowa,"Des Moines-West Des Moines, IA"
Knots,6.7,9.9,10,Iowa,"Des Moines-West Des Moines, IA"
Knots,3.3625,6,12,Iowa,"Des Moines-West Des Moines, IA"
Knots,2.570833,4.1,7,Iowa,"Des Moines-West Des Moines, IA"
Knots,2.870833,4.6,16,Iowa,"Des Moines-West Des Moines, IA"
Knots,1.758333,3.2,2,Iowa,"Des Moines-West Des Moines, IA"
Knots,2.966667,4.9,14,Iowa,"Des Moines-West Des Moines, IA"
Knots,3.791667,5.1,11,Iowa,"Des Moines-West Des Moines, IA"
Knots,3.254167,6,11,Iowa,"Des Moines-West Des Moines, IA"
Knots,3.8125,6.6,15,Iowa,"Des Moines-West Des Moines, IA"
Knots,3.420833,5.8,4,Iowa,"Des Moines-West Des Moines, IA"
Knots,3.925,5.1,14,Iowa,"Des Moines-West Des Moines, IA"
Knots,2.545833,4.6,4,Iowa,"Des Moines-West Des Moines, IA"
Knots,2.179167,3.1,8,Iowa,"Des Moines-West Des Moines, IA"
Knots,2.35,5.4,15,Iowa,"Des Moines-West Des Moines, IA"
Knots,1.908333,3.4,2,Iowa,"Des Moines-West Des Moines, IA"
Knots,3.1875,4.2,20,Iowa,"Des Moines-West Des Moines, IA"
Knots,3.945833,8,19,Iowa,"Des Moines-West Des Moines, IA"
Knots,5.645833,7.6,23,Iowa,"Des Moines-West Des Moines, IA"
Knots,4.395833,7.3,0,Iowa,"Des Moines-West Des Moines, IA"
Knots,5.6,8.3,4,Iowa,"Des Moines-West Des Moines, IA"
Knots,2.141667,5,9,Iowa,"Des Moines-West Des Moines, IA"
Knots,3.9625,6.8,11,Iowa,"Des Moines-West Des Moines, IA"
Knots,3.283333,4.6,18,Iowa,"Des Moines-West Des Moines, IA"
Knots,5.8125,9.6,10,Iowa,"Des Moines-West Des Moines, IA"
Knots,2.629167,5.9,9,Iowa,"Des Moines-West Des Moines, IA"
Knots,4.829167,7.7,15,Iowa,"Des Moines-West Des Moines, IA"
Knots,1.5875,3,16,Iowa,"Des Moines-West Des Moines, IA"
Knots,3.058333,5.7,16,Iowa,"Des Moines-West Des Moines, IA"
Knots,2.316667,3.8,11,Iowa,"Des Moines-West Des Moines, IA"
Knots,1.966667,3.6,23,Iowa,"Des Moines-West Des Moines, IA"
Knots,4.758333,8.4,12,Iowa,"Des Moines-West Des Moines, IA"
Knots,3.675,5.3,2,Iowa,"Des Moines-West Des Moines, IA"
Knots,6.158333,9.5,13,Iowa,"Des Moines-West Des Moines, IA"
Knots,7.35,9.6,11,Iowa,"Des Moines-West Des Moines, IA"
Knots,4.0375,6.8,8,Iowa,"Des Moines-West Des Moines, IA"
Knots,1.875,3.6,10,Iowa,"Des Moines-West Des Moines, IA"
Knots,2.545833,4.6,12,Iowa,"Des Moines-West Des Moines, IA"
Knots,4.941667,7.8,20,Iowa,"Des Moines-West Des Moines, IA"
Knots,4.463636,6.6,9,Iowa,"Des Moines-West Des Moines, IA"
Knots,2.966667,8.2,9,Iowa,"Des Moines-West Des Moines, IA"
Knots,4.833333,8,18,Iowa,"Des Moines-West Des Moines, IA"
Knots,6.158333,7.9,9,Iowa,"Des Moines-West Des Moines, IA"
Knots,2.8625,5.4,22,Iowa,"Des Moines-West Des Moines, IA"
Knots,5.883333,8.6,15,Iowa,"Des Moines-West Des Moines, IA"
Knots,7.166667,12.1,12,Iowa,"Des Moines-West Des Moines, IA"
Knots,2.8625,4.1,1,Iowa,"Des Moines-West Des Moines, IA"
Knots,3.258333,5.1,9,Iowa,"Des Moines-West Des Moines, IA"
Knots,5.645833,8.4,9,Iowa,"Des Moines-West Des Moines, IA"
Knots,1.879167,3,12,Iowa,"Des Moines-West Des Moines, IA"
Knots,2.145833,3.6,21,Iowa,"Des Moines-West Des Moines, IA"
Knots,5.1125,8.2,23,Iowa,"Des Moines-West Des Moines, IA"
Knots,5.583333,10.1,8,Iowa,"Des Moines-West Des Moines, IA"
Knots,8.075,11.5,14,Iowa,"Des Moines-West Des Moines, IA"
Knots,7.575,10.2,9,Iowa,"Des Moines-West Des Moines, IA"
Knots,7.479167,11.8,11,Iowa,"Des Moines-West Des Moines, IA"
Knots,2.329167,4.6,23,Iowa,"Des Moines-West Des Moines, IA"
Knots,7.041667,10.2,12,Iowa,"Des Moines-West Des Moines, IA"
Knots,3.408333,5.9,3,Iowa,"Des Moines-West Des Moines, IA"
Knots,4.583333,7.9,13,Iowa,"Des Moines-West Des Moines, IA"
Knots,6.141667,8.4,15,Iowa,"Des Moines-West Des Moines, IA"
Knots,5.775,9.2,15,Iowa,"Des Moines-West Des Moines, IA"
Knots,3.6375,6.3,12,Iowa,"Des Moines-West Des Moines, IA"
Knots,3.578261,5.1,8,Iowa,"Des Moines-West Des Moines, IA"
Knots,5.145833,7.5,10,Iowa,"Des Moines-West Des Moines, IA"
Knots,5.829167,8.9,16,Iowa,"Des Moines-West Des Moines, IA"
Knots,5.55,7.7,16,Iowa,"Des Moines-West Des Moines, IA"
Knots,7.7875,10.4,9,Iowa,"Des Moines-West Des Moines, IA"
Knots,5.666667,8.3,14,Iowa,"Des Moines-West Des Moines, IA"
Knots,5.55,7.3,16,Iowa,"Des Moines-West Des Moines, IA"
Knots,3.641667,5.4,5,Iowa,"Des Moines-West Des Moines, IA"
Knots,2.091667,4.1,22,Iowa,"Des Moines-West Des Moines, IA"
Knots,4.183333,5.8,13,Iowa,"Des Moines-West Des Moines, IA"
Knots,3.679167,5.1,16,Iowa,"Des Moines-West Des Moines, IA"
Knots,5.091667,6.9,9,Iowa,"Des Moines-West Des Moines, IA"
Knots,4.35,7.2,15,Iowa,"Des Moines-West Des Moines, IA"
Knots,3.829167,7.3,16,Iowa,"Des Moines-West Des Moines, IA"
Knots,3.975,5.8,15,Iowa,"Des Moines-West Des Moines, IA"
Knots,3.908333,6.3,8,Iowa,"Des Moines-West Des Moines, IA"
Knots,4.425,6.4,15,Iowa,"Des Moines-West Des Moines, IA"
Knots,4.754167,8.1,14,Iowa,"Des Moines-West Des Moines, IA"
Knots,6.004167,10.1,9,Iowa,"Des Moines-West Des Moines, IA"
Knots,4.725,6.2,14,Iowa,"Des Moines-West Des Moines, IA"
Knots,3.254167,4.9,6,Iowa,"Des Moines-West Des Moines, IA"
Knots,4.908333,9.9,15,Iowa,"Des Moines-West Des Moines, IA"
Knots,2.825,4.6,23,Iowa,"Des Moines-West Des Moines, IA"
Knots,6.0375,14.1,7,Iowa,"Des Moines-West Des Moines, IA"
Knots,2.33913,4.1,4,Iowa,"Des Moines-West Des Moines, IA"
Knots,5.191667,8.7,21,Iowa,"Des Moines-West Des Moines, IA"
Knots,6.33,11.1,6,Iowa,"Des Moines-West Des Moines, IA"
Knots,3.941667,7.6,22,Iowa,"Des Moines-West Des Moines, IA"
Knots,7.679167,11.5,9,Iowa,"Des Moines-West Des Moines, IA"
Knots,6.658333,9,1,Iowa,"Des Moines-West Des Moines, IA"
Knots,5.395833,7.5,20,Iowa,"Des Moines-West Des Moines, IA"
Knots,4.191667,5.6,0,Iowa,"Des Moines-West Des Moines, IA"
Knots,4.575,6.9,6,Iowa,"Des Moines-West Des Moines, IA"
Knots,9.016667,16.4,11,Iowa,"Des Moines-West Des Moines, IA"
Knots,3.929167,6.3,21,Iowa,"Des Moines-West Des Moines, IA"
Knots,3.929167,7,15,Iowa,"Des Moines-West Des Moines, IA"
Knots,8.1375,13.9,15,Iowa,"Des Moines-West Des Moines, IA"
Knots,11.338462,14.8,11,Iowa,"Des Moines-West Des Moines, IA"
Knots,7.773684,9,18,Iowa,"Des Moines-West Des Moines, IA"
Knots,5.366667,8.7,13,Iowa,"Des Moines-West Des Moines, IA"
Knots,3.1625,6.9,10,Iowa,"Des Moines-West Des Moines, IA"
Knots,7.804762,15.9,14,Iowa,"Des Moines-West Des Moines, IA"
Knots,9.670833,21.4,13,Iowa,"Des Moines-West Des Moines, IA"
Knots,7.5625,12.9,20,Iowa,"Des Moines-West Des Moines, IA"
Knots,4.8875,10.3,0,Iowa,"Des Moines-West Des Moines, IA"
Knots,8.429167,11.9,16,Iowa,"Des Moines-West Des Moines, IA"
Knots,6.4125,11.1,21,Iowa,"Des Moines-West Des Moines, IA"
Knots,15.55,20.7,23,Iowa,"Des Moines-West Des Moines, IA"
Knots,12.670833,19.4,1,Iowa,"Des Moines-West Des Moines, IA"
Knots,6.291667,10.3,8,Iowa,"Des Moines-West Des Moines, IA"
Knots,4.625,8.2,16,Iowa,"Des Moines-West Des Moines, IA"
Knots,8.979167,14.3,22,Iowa,"Des Moines-West Des Moines, IA"
Knots,10.983333,13.5,1,Iowa,"Des Moines-West Des Moines, IA"
Knots,12.118182,13.8,18,Iowa,"Des Moines-West Des Moines, IA"
Knots,9.4125,14.3,16,Iowa,"Des Moines-West Des Moines, IA"
Knots,8.204167,12.2,10,Iowa,"Des Moines-West Des Moines, IA"
Knots,6.316667,13.4,7,Iowa,"Des Moines-West Des Moines, IA"
Knots,5.570833,9.1,8,Iowa,"Des Moines-West Des Moines, IA"
Knots,6.2625,9.7,21,Iowa,"Des Moines-West Des Moines, IA"
Knots,2.5,8.1,3,Iowa,"Des Moines-West Des Moines, IA"
Knots,5.916667,10.1,7,Iowa,"Des Moines-West Des Moines, IA"
Knots,11.470833,14.6,3,Iowa,"Des Moines-West Des Moines, IA"
Knots,11.266667,15.8,8,Iowa,"Des Moines-West Des Moines, IA"
Knots,10.208333,15,23,Iowa,"Des Moines-West Des Moines, IA"
Knots,12.691667,16,2,Iowa,"Des Moines-West Des Moines, IA"
Knots,10.891667,13.7,19,Iowa,"Des Moines-West Des Moines, IA"
Knots,4.483333,13.1,0,Iowa,"Des Moines-West Des Moines, IA"
Knots,5.675,7.5,7,Iowa,"Des Moines-West Des Moines, IA"
Knots,3.675,6.9,15,Iowa,"Des Moines-West Des Moines, IA"
Knots,3.270833,5.9,22,Iowa,"Des Moines-West Des Moines, IA"
Knots,6.766667,10.3,10,Iowa,"Des Moines-West Des Moines, IA"
Knots,8.229167,12.2,8,Iowa,"Des Moines-West Des Moines, IA"
Knots,10.516667,17,13,Iowa,"Des Moines-West Des Moines, IA"
Knots,4.845833,7.7,0,Iowa,"Des Moines-West Des Moines, IA"
Knots,7.004167,14.2,10,Iowa,"Des Moines-West Des Moines, IA"
Knots,3.4375,5.3,23,Iowa,"Des Moines-West Des Moines, IA"
Knots,7.1125,11.9,9,Iowa,"Des Moines-West Des Moines, IA"
Knots,6.004167,11.5,17,Iowa,"Des Moines-West Des Moines, IA"
Knots,8.233333,13.6,7,Iowa,"Des Moines-West Des Moines, IA"
Knots,5.545833,13,11,Iowa,"Des Moines-West Des Moines, IA"
Knots,10.404167,18.9,14,Iowa,"Des Moines-West Des Moines, IA"
Knots,3.033333,6.9,16,Iowa,"Des Moines-West Des Moines, IA"
Knots,7.895833,14.7,16,Iowa,"Des Moines-West Des Moines, IA"
Knots,5.5125,7.7,12,Iowa,"Des Moines-West Des Moines, IA"
Knots,5.791667,8.7,18,Iowa,"Des Moines-West Des Moines, IA"
Knots,11.004167,20.7,13,Iowa,"Des Moines-West Des Moines, IA"
Knots,5.675,9.6,23,Iowa,"Des Moines-West Des Moines, IA"
Knots,11.904167,20.2,14,Iowa,"Des Moines-West Des Moines, IA"
Knots,14.941667,21.7,15,Iowa,"Des Moines-West Des Moines, IA"
Knots,6.808333,10.1,3,Iowa,"Des Moines-West Des Moines, IA"
Knots,4.8,9.2,10,Iowa,"Des Moines-West Des Moines, IA"
Knots,6.758333,12.2,12,Iowa,"Des Moines-West Des Moines, IA"
Knots,11.470833,16.3,22,Iowa,"Des Moines-West Des Moines, IA"
Knots,10.625,15.4,0,Iowa,"Des Moines-West Des Moines, IA"
Knots,8.773684,16.8,2,Iowa,"Des Moines-West Des Moines, IA"
Knots,11.8125,17.3,19,Iowa,"Des Moines-West Des Moines, IA"
Knots,14.466667,21,9,Iowa,"Des Moines-West Des Moines, IA"
Knots,6.691667,11.3,16,Iowa,"Des Moines-West Des Moines, IA"
Knots,10.6375,17.5,16,Iowa,"Des Moines-West Des Moines, IA"
Knots,14.929167,22.4,10,Iowa,"Des Moines-West Des Moines, IA"
Knots,7.375,11,10,Iowa,"Des Moines-West Des Moines, IA"
Knots,8.4,14.2,9,Iowa,"Des Moines-West Des Moines, IA"
Knots,9.016667,12.6,12,Iowa,"Des Moines-West Des Moines, IA"
Knots,3.7375,9.6,11,Iowa,"Des Moines-West Des Moines, IA"
Knots,4.25,9,23,Iowa,"Des Moines-West Des Moines, IA"
Knots,8.4125,12,1,Iowa,"Des Moines-West Des Moines, IA"
Knots,8.0375,13.3,9,Iowa,"Des Moines-West Des Moines, IA"
Knots,19.104167,27.1,14,Iowa,"Des Moines-West Des Moines, IA"
Knots,9.779167,14.7,15,Iowa,"Des Moines-West Des Moines, IA"
Knots,9.5875,15.1,8,Iowa,"Des Moines-West Des Moines, IA"
Knots,3.745833,7,20,Iowa,"Des Moines-West Des Moines, IA"
Knots,14.25,22.4,11,Iowa,"Des Moines-West Des Moines, IA"
Knots,6.120833,15.3,1,Iowa,"Des Moines-West Des Moines, IA"
Knots,9.816667,17.7,15,Iowa,"Des Moines-West Des Moines, IA"
Knots,13.170833,19.8,15,Iowa,"Des Moines-West Des Moines, IA"
Knots,10.820833,17.9,15,Iowa,"Des Moines-West Des Moines, IA"
Knots,8.3,13.2,11,Iowa,"Des Moines-West Des Moines, IA"
Knots,8.829167,11.7,13,Iowa,"Des Moines-West Des Moines, IA"
Knots,8.516667,11.9,2,Iowa,"Des Moines-West Des Moines, IA"
Knots,11.654167,17.5,17,Iowa,"Des Moines-West Des Moines, IA"
Knots,6.966667,10.4,9,Iowa,"Des Moines-West Des Moines, IA"
Knots,11.045833,14.8,15,Iowa,"Des Moines-West Des Moines, IA"
Knots,8.979167,14.8,11,Iowa,"Des Moines-West Des Moines, IA"
Knots,7.85,11.6,18,Iowa,"Des Moines-West Des Moines, IA"
Knots,5.8875,9.6,4,Iowa,"Des Moines-West Des Moines, IA"
Knots,3.558333,5.9,4,Iowa,"Des Moines-West Des Moines, IA"
Knots,6.508333,10.6,7,Iowa,"Des Moines-West Des Moines, IA"
Knots,5.741667,10,16,Iowa,"Des Moines-West Des Moines, IA"
Knots,8.245833,12.9,4,Iowa,"Des Moines-West Des Moines, IA"
Knots,6.070833,9.4,16,Iowa,"Des Moines-West Des Moines, IA"
Knots,6.008333,12.5,7,Iowa,"Des Moines-West Des Moines, IA"
Knots,8.004167,13.3,16,Iowa,"Des Moines-West Des Moines, IA"
Knots,8.641667,13,9,Iowa,"Des Moines-West Des Moines, IA"
Knots,8.570833,14,4,Iowa,"Des Moines-West Des Moines, IA"
Knots,11.979167,21.4,14,Iowa,"Des Moines-West Des Moines, IA"
Knots,13.366667,19.7,10,Iowa,"Des Moines-West Des Moines, IA"
Knots,9.995833,13.6,15,Iowa,"Des Moines-West Des Moines, IA"
Knots,8.279167,11.5,7,Iowa,"Des Moines-West Des Moines, IA"
Knots,6.195833,13,15,Iowa,"Des Moines-West Des Moines, IA"
Knots,5.541667,10.5,8,Iowa,"Des Moines-West Des Moines, IA"
Knots,3.3875,6.9,0,Iowa,"Davenport-Moline-Rock Island, IA-IL"
Knots,6.083333,10.9,10,Iowa,"Davenport-Moline-Rock Island, IA-IL"
Knots,3.629167,9.5,0,Iowa,"Davenport-Moline-Rock Island, IA-IL"
Knots,2.458333,5.4,10,Iowa,"Davenport-Moline-Rock Island, IA-IL"
Knots,1.108333,3.1,16,Iowa,"Davenport-Moline-Rock Island, IA-IL"
Knots,2.054167,5.4,11,Iowa,"Davenport-Moline-Rock Island, IA-IL"
Knots,5.954167,10.5,9,Iowa,"Davenport-Moline-Rock Island, IA-IL"
Knots,6.066667,11.2,9,Iowa,"Davenport-Moline-Rock Island, IA-IL"
Knots,9.125,16.8,14,Iowa,"Davenport-Moline-Rock Island, IA-IL"
Knots,15.391667,23.9,20,Iowa,"Davenport-Moline-Rock Island, IA-IL"
Knots,6.716667,10.1,8,Iowa,"Davenport-Moline-Rock Island, IA-IL"
Knots,1.825,5.4,9,Iowa,"Davenport-Moline-Rock Island, IA-IL"
Knots,2.179167,6.3,10,Iowa,"Davenport-Moline-Rock Island, IA-IL"
Knots,5.104167,8.5,14,Iowa,"Davenport-Moline-Rock Island, IA-IL"
Knots,10.525,16.5,4,Iowa,"Davenport-Moline-Rock Island, IA-IL"
Knots,2.166667,4.4,19,Iowa,"Davenport-Moline-Rock Island, IA-IL"
Knots,5.204167,9.9,22,Iowa,"Davenport-Moline-Rock Island, IA-IL"
Knots,8.320833,11.2,11,Iowa,"Davenport-Moline-Rock Island, IA-IL"
Knots,3.5875,7.8,11,Iowa,"Davenport-Moline-Rock Island, IA-IL"
Knots,6.054167,10.3,14,Iowa,"Davenport-Moline-Rock Island, IA-IL"
Knots,10.458333,17.3,11,Iowa,"Davenport-Moline-Rock Island, IA-IL"
Knots,6.408333,12.6,2,Iowa,"Davenport-Moline-Rock Island, IA-IL"
Knots,7.175,10.6,23,Iowa,"Davenport-Moline-Rock Island, IA-IL"
Knots,11.4125,17.1,11,Iowa,"Davenport-Moline-Rock Island, IA-IL"
Knots,3.2375,6,14,Iowa,"Davenport-Moline-Rock Island, IA-IL"
Knots,1.870833,3.6,23,Iowa,"Davenport-Moline-Rock Island, IA-IL"
Knots,7.466667,11.9,21,Iowa,"Davenport-Moline-Rock Island, IA-IL"
Knots,7.433333,11.8,11,Iowa,"Davenport-Moline-Rock Island, IA-IL"
Knots,16.2375,24.2,12,Iowa,"Davenport-Moline-Rock Island, IA-IL"
Knots,10.104167,19,1,Iowa,"Davenport-Moline-Rock Island, IA-IL"
Knots,7.6625,11.6,11,Iowa,"Davenport-Moline-Rock Island, IA-IL"
Knots,2.9125,4.9,8,Iowa,"Davenport-Moline-Rock Island, IA-IL"
Knots,9.5125,15.4,16,Iowa,"Davenport-Moline-Rock Island, IA-IL"
Knots,9.729167,16.4,9,Iowa,"Davenport-Moline-Rock Island, IA-IL"
Knots,6.0375,14.1,16,Iowa,"Davenport-Moline-Rock Island, IA-IL"
Knots,7.925,15,16,Iowa,"Davenport-Moline-Rock Island, IA-IL"
Knots,8.183333,13.2,12,Iowa,"Davenport-Moline-Rock Island, IA-IL"
Knots,7.745833,13.1,15,Iowa,"Davenport-Moline-Rock Island, IA-IL"
Knots,7.795833,12.1,12,Iowa,"Davenport-Moline-Rock Island, IA-IL"
Knots,8.308333,12.2,11,Iowa,"Davenport-Moline-Rock Island, IA-IL"
Knots,5.033333,8.6,13,Iowa,"Davenport-Moline-Rock Island, IA-IL"
Knots,6.491667,8.9,11,Iowa,"Davenport-Moline-Rock Island, IA-IL"
Knots,7.025,11.2,11,Iowa,"Davenport-Moline-Rock Island, IA-IL"
Knots,7.325,12.9,13,Iowa,"Davenport-Moline-Rock Island, IA-IL"
Knots,5.0375,8.2,8,Iowa,"Davenport-Moline-Rock Island, IA-IL"
Knots,3.916667,6.6,12,Iowa,"Davenport-Moline-Rock Island, IA-IL"
Knots,2.1875,3.9,9,Iowa,"Davenport-Moline-Rock Island, IA-IL"
Knots,2.083333,3.8,15,Iowa,"Davenport-Moline-Rock Island, IA-IL"
Knots,5.045833,10.2,23,Iowa,"Davenport-Moline-Rock Island, IA-IL"
Knots,6.316667,10.2,1,Iowa,"Davenport-Moline-Rock Island, IA-IL"
Knots,2.491667,4.9,12,Iowa,"Davenport-Moline-Rock Island, IA-IL"
Knots,4.383333,7.5,14,Iowa,"Davenport-Moline-Rock Island, IA-IL"
Knots,6.125,9.6,10,Iowa,"Davenport-Moline-Rock Island, IA-IL"
Knots,7.116667,10.9,13,Iowa,"Davenport-Moline-Rock Island, IA-IL"
Knots,3.8375,8.7,17,Iowa,"Davenport-Moline-Rock Island, IA-IL"
Knots,5.9125,13.5,22,Iowa,"Davenport-Moline-Rock Island, IA-IL"
Knots,12.775,20.9,14,Iowa,"Davenport-Moline-Rock Island, IA-IL"
Knots,10.2125,15.3,8,Iowa,"Davenport-Moline-Rock Island, IA-IL"
Knots,3.4625,8.3,1,Iowa,"Davenport-Moline-Rock Island, IA-IL"
Knots,4.229167,7.6,18,Iowa,"Davenport-Moline-Rock Island, IA-IL"
Knots,3.7625,7.3,23,Iowa,"Davenport-Moline-Rock Island, IA-IL"
Knots,3.841667,6.9,18,Iowa,"Davenport-Moline-Rock Island, IA-IL"
Knots,0.758333,2.9,4,Iowa,"Davenport-Moline-Rock Island, IA-IL"
Knots,1.2625,2.6,1,Iowa,"Davenport-Moline-Rock Island, IA-IL"
Knots,0.704167,1.1,0,Iowa,"Davenport-Moline-Rock Island, IA-IL"
Knots,0.404167,1.3,14,Iowa,"Davenport-Moline-Rock Island, IA-IL"
Knots,0.575,1.5,10,Iowa,"Davenport-Moline-Rock Island, IA-IL"
Knots,1.133333,2.8,19,Iowa,"Davenport-Moline-Rock Island, IA-IL"
Knots,3.070833,4.4,13,Iowa,"Davenport-Moline-Rock Island, IA-IL"
Knots,2.204167,3.7,22,Iowa,"Davenport-Moline-Rock Island, IA-IL"
Knots,3.741667,5.6,10,Iowa,"Davenport-Moline-Rock Island, IA-IL"
Knots,5.5625,8.8,13,Iowa,"Davenport-Moline-Rock Island, IA-IL"
Knots,3.308333,5.2,15,Iowa,"Davenport-Moline-Rock Island, IA-IL"
Knots,3.066667,5.1,12,Iowa,"Davenport-Moline-Rock Island, IA-IL"
Knots,3.25,6.9,18,Iowa,"Davenport-Moline-Rock Island, IA-IL"
Knots,2.445833,6.9,3,Iowa,"Davenport-Moline-Rock Island, IA-IL"
Knots,6.45,8,6,Iowa,"Davenport-Moline-Rock Island, IA-IL"
Knots,4.9875,7.1,11,Iowa,"Davenport-Moline-Rock Island, IA-IL"
Knots,3.970833,7.2,14,Iowa,"Davenport-Moline-Rock Island, IA-IL"
Knots,6.104167,13.4,18,Iowa,"Davenport-Moline-Rock Island, IA-IL"
Knots,5.445833,11.2,16,Iowa,"Davenport-Moline-Rock Island, IA-IL"
Knots,7.270833,10.5,23,Iowa,"Davenport-Moline-Rock Island, IA-IL"
Knots,6.45,11.4,1,Iowa,"Davenport-Moline-Rock Island, IA-IL"
Knots,2.333333,5.1,20,Iowa,"Davenport-Moline-Rock Island, IA-IL"
Knots,2.216667,5.1,13,Iowa,"Davenport-Moline-Rock Island, IA-IL"
Knots,4.4375,6.6,19,Iowa,"Davenport-Moline-Rock Island, IA-IL"
Knots,4.070833,5.8,9,Iowa,"Davenport-Moline-Rock Island, IA-IL"
Knots,3.5375,5,16,Iowa,"Davenport-Moline-Rock Island, IA-IL"
Knots,2.0625,4.9,1,Iowa,"Davenport-Moline-Rock Island, IA-IL"
Knots,4.345833,5.5,20,Iowa,"Davenport-Moline-Rock Island, IA-IL"
Knots,3.445833,5.9,4,Iowa,"Davenport-Moline-Rock Island, IA-IL"
Knots,1.879167,4.9,16,Iowa,"Davenport-Moline-Rock Island, IA-IL"
Knots,5.1,6.3,14,Iowa,"Davenport-Moline-Rock Island, IA-IL"
Knots,2.270833,5,0,Iowa,"Davenport-Moline-Rock Island, IA-IL"
Knots,2.316667,4.9,17,Iowa,"Davenport-Moline-Rock Island, IA-IL"
Knots,6.8125,14,14,Iowa,"Davenport-Moline-Rock Island, IA-IL"
Knots,8.133333,10.4,12,Iowa,"Davenport-Moline-Rock Island, IA-IL"
Knots,5.6625,7.6,15,Iowa,"Davenport-Moline-Rock Island, IA-IL"
Knots,3.729167,6.6,0,Iowa,"Davenport-Moline-Rock Island, IA-IL"
Knots,1.8,2.6,14,Iowa,"Davenport-Moline-Rock Island, IA-IL"
Knots,2.891667,4.1,1,Iowa,"Davenport-Moline-Rock Island, IA-IL"
Knots,2.966667,4.9,22,Iowa,"Davenport-Moline-Rock Island, IA-IL"
Knots,3.783333,6.5,13,Iowa,"Davenport-Moline-Rock Island, IA-IL"
Knots,7.033333,9.6,13,Iowa,"Davenport-Moline-Rock Island, IA-IL"
Knots,6.779167,9,14,Iowa,"Davenport-Moline-Rock Island, IA-IL"
Knots,6.195833,7.8,12,Iowa,"Davenport-Moline-Rock Island, IA-IL"
Knots,4.2,6.1,22,Iowa,"Davenport-Moline-Rock Island, IA-IL"
Knots,3.75,5.4,9,Iowa,"Davenport-Moline-Rock Island, IA-IL"
Knots,1.045833,2.5,15,Iowa,"Davenport-Moline-Rock Island, IA-IL"
Knots,3.533333,6.2,9,Iowa,"Davenport-Moline-Rock Island, IA-IL"
Knots,2.845833,5.3,12,Iowa,"Davenport-Moline-Rock Island, IA-IL"
Knots,2.825,4.8,14,Iowa,"Davenport-Moline-Rock Island, IA-IL"
Knots,4.825,11.3,22,Iowa,"Davenport-Moline-Rock Island, IA-IL"
Knots,6.233333,10.1,0,Iowa,"Davenport-Moline-Rock Island, IA-IL"
Knots,5.325,8.9,2,Iowa,"Davenport-Moline-Rock Island, IA-IL"
Knots,6.4875,11.1,11,Iowa,"Davenport-Moline-Rock Island, IA-IL"
Knots,2.066667,5,15,Iowa,"Davenport-Moline-Rock Island, IA-IL"
Knots,2.091667,5.4,14,Iowa,"Davenport-Moline-Rock Island, IA-IL"
Knots,2.970833,5.8,22,Iowa,"Davenport-Moline-Rock Island, IA-IL"
Knots,6.370833,11.9,12,Iowa,"Davenport-Moline-Rock Island, IA-IL"
Knots,4.775,9.4,0,Iowa,"Davenport-Moline-Rock Island, IA-IL"
Knots,3.845833,7.3,11,Iowa,"Davenport-Moline-Rock Island, IA-IL"
Knots,2.920833,6.8,0,Iowa,"Davenport-Moline-Rock Island, IA-IL"
Knots,2.475,5.1,11,Iowa,"Davenport-Moline-Rock Island, IA-IL"
Knots,1.070833,3.2,15,Iowa,"Davenport-Moline-Rock Island, IA-IL"
Knots,1.325,2.7,9,Iowa,"Davenport-Moline-Rock Island, IA-IL"
Knots,3.2875,5.7,21,Iowa,"Davenport-Moline-Rock Island, IA-IL"
Knots,4.045833,7.5,2,Iowa,"Davenport-Moline-Rock Island, IA-IL"
Knots,3.220833,5.6,14,Iowa,"Davenport-Moline-Rock Island, IA-IL"
Knots,7.2375,14.3,21,Iowa,"Davenport-Moline-Rock Island, IA-IL"
Knots,5.829167,9.7,8,Iowa,"Davenport-Moline-Rock Island, IA-IL"
Knots,1.6375,3.7,9,Iowa,"Davenport-Moline-Rock Island, IA-IL"
Knots,1.375,3.6,12,Iowa,"Davenport-Moline-Rock Island, IA-IL"
Knots,4,7,16,Iowa,"Davenport-Moline-Rock Island, IA-IL"
Knots,1.633333,7.2,2,Iowa,"Davenport-Moline-Rock Island, IA-IL"
Knots,0.733333,2.2,20,Iowa,"Davenport-Moline-Rock Island, IA-IL"
Knots,3.720833,6.2,23,Iowa,"Davenport-Moline-Rock Island, IA-IL"
Knots,5.85,8.2,12,Iowa,"Davenport-Moline-Rock Island, IA-IL"
Knots,2.479167,4.1,3,Iowa,"Davenport-Moline-Rock Island, IA-IL"
Knots,2.658333,4.4,20,Iowa,"Davenport-Moline-Rock Island, IA-IL"
Knots,3.6875,8.5,11,Iowa,"Davenport-Moline-Rock Island, IA-IL"
Knots,3.391667,7.8,2,Iowa,"Davenport-Moline-Rock Island, IA-IL"
Knots,3.004167,5.6,18,Iowa,"Davenport-Moline-Rock Island, IA-IL"
Knots,6.345833,10,8,Iowa,"Davenport-Moline-Rock Island, IA-IL"
Knots,2.525,4.3,19,Iowa,"Davenport-Moline-Rock Island, IA-IL"
Knots,1.391667,3.3,0,Iowa,"Davenport-Moline-Rock Island, IA-IL"
Knots,5.2625,11.4,22,Iowa,"Davenport-Moline-Rock Island, IA-IL"
Knots,8.65,13.1,12,Iowa,"Davenport-Moline-Rock Island, IA-IL"
Knots,5.329167,14.9,13,Iowa,"Davenport-Moline-Rock Island, IA-IL"
Knots,7.495833,10.8,11,Iowa,"Davenport-Moline-Rock Island, IA-IL"
Knots,8.708333,12.6,9,Iowa,"Davenport-Moline-Rock Island, IA-IL"
Knots,2.891667,5.1,0,Iowa,"Davenport-Moline-Rock Island, IA-IL"
Knots,2.925,5.9,14,Iowa,"Davenport-Moline-Rock Island, IA-IL"
Knots,5.15,10.2,5,Iowa,"Davenport-Moline-Rock Island, IA-IL"
Knots,2.916667,7.4,17,Iowa,"Davenport-Moline-Rock Island, IA-IL"
Knots,4.158333,7.8,16,Iowa,"Davenport-Moline-Rock Island, IA-IL"
Knots,4.0875,7.5,10,Iowa,"Davenport-Moline-Rock Island, IA-IL"
Knots,2.791667,7.3,12,Iowa,"Davenport-Moline-Rock Island, IA-IL"
Knots,2.758333,5.6,2,Iowa,"Davenport-Moline-Rock Island, IA-IL"
Knots,4.695833,6.6,2,Iowa,"Davenport-Moline-Rock Island, IA-IL"
Knots,5.075,8.2,22,Iowa,"Davenport-Moline-Rock Island, IA-IL"
Knots,7.5,11,10,Iowa,"Davenport-Moline-Rock Island, IA-IL"
Knots,6.383333,10.4,14,Iowa,"Davenport-Moline-Rock Island, IA-IL"
Knots,6.1125,8.9,12,Iowa,"Davenport-Moline-Rock Island, IA-IL"
Knots,5.175,8.7,9,Iowa,"Davenport-Moline-Rock Island, IA-IL"
Knots,4.591667,7.6,15,Iowa,"Davenport-Moline-Rock Island, IA-IL"
Knots,2.333333,4.3,22,Iowa,"Davenport-Moline-Rock Island, IA-IL"
Knots,2.558333,5.5,11,Iowa,"Davenport-Moline-Rock Island, IA-IL"
Knots,3.3,6.6,14,Iowa,"Davenport-Moline-Rock Island, IA-IL"
Knots,5.8375,8.4,9,Iowa,"Davenport-Moline-Rock Island, IA-IL"
Knots,3.545833,6.2,14,Iowa,"Davenport-Moline-Rock Island, IA-IL"
Knots,4.783333,7.6,17,Iowa,"Davenport-Moline-Rock Island, IA-IL"
Knots,4.225,7.5,9,Iowa,"Davenport-Moline-Rock Island, IA-IL"
Knots,3.791667,6.9,13,Iowa,"Davenport-Moline-Rock Island, IA-IL"
Knots,3.891667,10.2,17,Iowa,"Davenport-Moline-Rock Island, IA-IL"
Knots,3.1375,5.2,0,Iowa,"Davenport-Moline-Rock Island, IA-IL"
Knots,5.870833,11.8,16,Iowa,"Davenport-Moline-Rock Island, IA-IL"
Knots,5.358333,9.9,15,Iowa,"Davenport-Moline-Rock Island, IA-IL"
Knots,1.85,4.5,2,Iowa,"Davenport-Moline-Rock Island, IA-IL"
Knots,5.029167,10.2,15,Iowa,"Davenport-Moline-Rock Island, IA-IL"
Knots,3.0375,7.6,5,Iowa,"Davenport-Moline-Rock Island, IA-IL"
Knots,4.675,7,10,Iowa,"Davenport-Moline-Rock Island, IA-IL"
Knots,0.983333,1.9,0,Iowa,"Davenport-Moline-Rock Island, IA-IL"
Knots,1.720833,2.4,3,Iowa,"Davenport-Moline-Rock Island, IA-IL"
Knots,0.695833,2,2,Iowa,"Davenport-Moline-Rock Island, IA-IL"
Knots,0.7125,2.2,14,Iowa,"Davenport-Moline-Rock Island, IA-IL"
Knots,2.691667,3.6,9,Iowa,"Davenport-Moline-Rock Island, IA-IL"
Knots,2.8625,5.1,23,Iowa,"Davenport-Moline-Rock Island, IA-IL"
Knots,4.558333,6.3,13,Iowa,"Davenport-Moline-Rock Island, IA-IL"
Knots,2.525,3.5,6,Iowa,"Davenport-Moline-Rock Island, IA-IL"
Knots,3.575,5.6,11,Iowa,"Davenport-Moline-Rock Island, IA-IL"
Knots,3.995833,5.6,12,Iowa,"Davenport-Moline-Rock Island, IA-IL"
Knots,2.4625,4.3,10,Iowa,"Davenport-Moline-Rock Island, IA-IL"
Knots,2.191667,4.3,13,Iowa,"Davenport-Moline-Rock Island, IA-IL"
Knots,3.570833,6.9,18,Iowa,"Davenport-Moline-Rock Island, IA-IL"
Knots,3.320833,5.5,4,Iowa,"Davenport-Moline-Rock Island, IA-IL"
Knots,6.445833,8.4,13,Iowa,"Davenport-Moline-Rock Island, IA-IL"
Knots,4.516667,6,11,Iowa,"Davenport-Moline-Rock Island, IA-IL"
Knots,4.220833,7.6,14,Iowa,"Davenport-Moline-Rock Island, IA-IL"
Knots,5.6,13.9,18,Iowa,"Davenport-Moline-Rock Island, IA-IL"
Knots,4.466667,8.3,11,Iowa,"Davenport-Moline-Rock Island, IA-IL"
Knots,7.058333,10.6,14,Iowa,"Davenport-Moline-Rock Island, IA-IL"
Knots,5.841667,10.9,0,Iowa,"Davenport-Moline-Rock Island, IA-IL"
Knots,2.554167,4.6,11,Iowa,"Davenport-Moline-Rock Island, IA-IL"
Knots,2.804167,5.8,13,Iowa,"Davenport-Moline-Rock Island, IA-IL"
Knots,5.925,8.7,18,Iowa,"Davenport-Moline-Rock Island, IA-IL"
Knots,5.895833,8.5,12,Iowa,"Davenport-Moline-Rock Island, IA-IL"
Knots,3.6,5.9,10,Iowa,"Davenport-Moline-Rock Island, IA-IL"
Knots,2.054167,3.6,2,Iowa,"Davenport-Moline-Rock Island, IA-IL"
Knots,3.483333,4.9,9,Iowa,"Davenport-Moline-Rock Island, IA-IL"
Knots,4.8125,6.3,15,Iowa,"Davenport-Moline-Rock Island, IA-IL"
Knots,6.15,8.8,13,Iowa,"Davenport-Moline-Rock Island, IA-IL"
Knots,6.754167,8.7,11,Iowa,"Davenport-Moline-Rock Island, IA-IL"
Knots,3.058333,6.3,0,Iowa,"Davenport-Moline-Rock Island, IA-IL"
Knots,3.195833,6.4,14,Iowa,"Davenport-Moline-Rock Island, IA-IL"
Knots,7.454167,14.9,18,Iowa,"Davenport-Moline-Rock Island, IA-IL"
Knots,7.908333,11,14,Iowa,"Davenport-Moline-Rock Island, IA-IL"
Knots,4.966667,6.9,23,Iowa,"Davenport-Moline-Rock Island, IA-IL"
Knots,3.866667,6.6,0,Iowa,"Davenport-Moline-Rock Island, IA-IL"
Knots,2.666667,5.3,14,Iowa,"Davenport-Moline-Rock Island, IA-IL"
Knots,2.783333,5.7,5,Iowa,"Davenport-Moline-Rock Island, IA-IL"
Knots,4.233333,5.9,13,Iowa,"Davenport-Moline-Rock Island, IA-IL"
Knots,5.695833,10.4,13,Iowa,"Davenport-Moline-Rock Island, IA-IL"
Knots,7.304167,9.5,13,Iowa,"Davenport-Moline-Rock Island, IA-IL"
Knots,6.8125,9.9,14,Iowa,"Davenport-Moline-Rock Island, IA-IL"
Knots,6.729167,8.7,13,Iowa,"Davenport-Moline-Rock Island, IA-IL"
Knots,6.379167,8.2,12,Iowa,"Davenport-Moline-Rock Island, IA-IL"
Knots,3.179167,6.3,9,Iowa,"Davenport-Moline-Rock Island, IA-IL"
Knots,1.441667,4.9,15,Iowa,"Davenport-Moline-Rock Island, IA-IL"
Knots,3.304167,6.1,12,Iowa,"Davenport-Moline-Rock Island, IA-IL"
Knots,2.183333,5.3,13,Iowa,"Davenport-Moline-Rock Island, IA-IL"
Knots,2.85,6.1,13,Iowa,"Davenport-Moline-Rock Island, IA-IL"
Knots,4.6125,11.9,22,Iowa,"Davenport-Moline-Rock Island, IA-IL"
Knots,5.25,9.6,0,Iowa,"Davenport-Moline-Rock Island, IA-IL"
Knots,4.420833,8,4,Iowa,"Davenport-Moline-Rock Island, IA-IL"
Knots,6.4125,12,10,Iowa,"Davenport-Moline-Rock Island, IA-IL"
Knots,2.091667,4.2,13,Iowa,"Davenport-Moline-Rock Island, IA-IL"
Knots,2.470833,6,9,Iowa,"Davenport-Moline-Rock Island, IA-IL"
Knots,2.6125,3.7,9,Iowa,"Davenport-Moline-Rock Island, IA-IL"
Knots,5.995833,12.9,12,Iowa,"Davenport-Moline-Rock Island, IA-IL"
Knots,3.683333,6.7,9,Iowa,"Davenport-Moline-Rock Island, IA-IL"
Knots,3.8125,7.6,10,Iowa,"Davenport-Moline-Rock Island, IA-IL"
Knots,2.766667,5.6,14,Iowa,"Davenport-Moline-Rock Island, IA-IL"
Knots,2.9625,5.3,14,Iowa,"Davenport-Moline-Rock Island, IA-IL"
Knots,1.833333,4.9,15,Iowa,"Davenport-Moline-Rock Island, IA-IL"
Knots,1.5125,3,17,Iowa,"Davenport-Moline-Rock Island, IA-IL"
Knots,3.816667,7.7,15,Iowa,"Davenport-Moline-Rock Island, IA-IL"
Knots,2.4,5.6,10,Iowa,"Davenport-Moline-Rock Island, IA-IL"
Knots,6.516667,12.4,13,Iowa,"Davenport-Moline-Rock Island, IA-IL"
Knots,8.25,14.6,19,Iowa,"Davenport-Moline-Rock Island, IA-IL"
Knots,5.6625,9.8,8,Iowa,"Davenport-Moline-Rock Island, IA-IL"
Knots,1.725,5.5,9,Iowa,"Davenport-Moline-Rock Island, IA-IL"
Knots,1.025,3.4,13,Iowa,"Davenport-Moline-Rock Island, IA-IL"
Knots,4.8625,8.1,19,Iowa,"Davenport-Moline-Rock Island, IA-IL"
Knots,3.070833,8.8,2,Iowa,"Davenport-Moline-Rock Island, IA-IL"
Knots,1.504167,2.8,21,Iowa,"Davenport-Moline-Rock Island, IA-IL"
Knots,5.154167,9.1,23,Iowa,"Davenport-Moline-Rock Island, IA-IL"
Knots,9.541667,13.6,12,Iowa,"Davenport-Moline-Rock Island, IA-IL"
Knots,3.05,5.6,1,Iowa,"Davenport-Moline-Rock Island, IA-IL"
Knots,2.933333,6.5,16,Iowa,"Davenport-Moline-Rock Island, IA-IL"
Knots,6.808333,12.2,10,Iowa,"Davenport-Moline-Rock Island, IA-IL"
Knots,3.033333,8.7,0,Iowa,"Davenport-Moline-Rock Island, IA-IL"
Knots,3.495833,6.1,23,Iowa,"Davenport-Moline-Rock Island, IA-IL"
Knots,6.770833,9.8,14,Iowa,"Davenport-Moline-Rock Island, IA-IL"
Knots,3.466667,5.3,19,Iowa,"Davenport-Moline-Rock Island, IA-IL"
Knots,1.804348,3.7,2,Iowa,"Davenport-Moline-Rock Island, IA-IL"
Knots,5.504167,11.9,21,Iowa,"Davenport-Moline-Rock Island, IA-IL"
Knots,8.341667,12.9,8,Iowa,"Davenport-Moline-Rock Island, IA-IL"
Knots,9.920833,15.4,14,Iowa,"Davenport-Moline-Rock Island, IA-IL"
Knots,7.4125,10.9,0,Iowa,"Davenport-Moline-Rock Island, IA-IL"
Knots,8.533333,12.9,9,Iowa,"Davenport-Moline-Rock Island, IA-IL"
Knots,3.791667,6.5,8,Iowa,"Davenport-Moline-Rock Island, IA-IL"
Knots,5.766667,10.5,16,Iowa,"Davenport-Moline-Rock Island, IA-IL"
Knots,4.004167,7.2,15,Iowa,"Davenport-Moline-Rock Island, IA-IL"
Knots,2.983333,7.1,15,Iowa,"Davenport-Moline-Rock Island, IA-IL"
Knots,4.7125,9.4,15,Iowa,"Davenport-Moline-Rock Island, IA-IL"
Knots,3.704167,6.6,10,Iowa,"Davenport-Moline-Rock Island, IA-IL"
Knots,4.05,6.7,11,Iowa,"Davenport-Moline-Rock Island, IA-IL"
Knots,4.479167,6.5,14,Iowa,"Davenport-Moline-Rock Island, IA-IL"
Knots,4.508333,6.8,11,Iowa,"Davenport-Moline-Rock Island, IA-IL"
Knots,8.1,13.1,16,Iowa,"Davenport-Moline-Rock Island, IA-IL"
Knots,7.8,11.7,10,Iowa,"Davenport-Moline-Rock Island, IA-IL"
Knots,6.170833,11.4,14,Iowa,"Davenport-Moline-Rock Island, IA-IL"
Knots,6.3375,9.5,9,Iowa,"Davenport-Moline-Rock Island, IA-IL"
Knots,5.104167,8.4,11,Iowa,"Davenport-Moline-Rock Island, IA-IL"
Knots,4.558333,7.8,15,Iowa,"Davenport-Moline-Rock Island, IA-IL"
Knots,2.320833,3.6,7,Iowa,"Davenport-Moline-Rock Island, IA-IL"
Knots,3.320833,6.3,14,Iowa,"Davenport-Moline-Rock Island, IA-IL"
Knots,2.8375,7.7,14,Iowa,"Davenport-Moline-Rock Island, IA-IL"
Knots,5.4625,9.5,8,Iowa,"Davenport-Moline-Rock Island, IA-IL"
Knots,3.9,6.8,13,Iowa,"Davenport-Moline-Rock Island, IA-IL"
Knots,4.391667,8.6,16,Iowa,"Davenport-Moline-Rock Island, IA-IL"
Knots,3.7625,6.3,8,Iowa,"Davenport-Moline-Rock Island, IA-IL"
Knots,3.833333,6.9,16,Iowa,"Davenport-Moline-Rock Island, IA-IL"
Knots,4.383333,11,17,Iowa,"Davenport-Moline-Rock Island, IA-IL"
Knots,3.883333,5.6,21,Iowa,"Davenport-Moline-Rock Island, IA-IL"
Knots,6.879167,12.3,13,Iowa,"Davenport-Moline-Rock Island, IA-IL"
Knots,4.366667,7.6,14,Iowa,"Davenport-Moline-Rock Island, IA-IL"
Knots,2.695833,5.9,7,Iowa,"Davenport-Moline-Rock Island, IA-IL"
Knots,5.525,11,15,Iowa,"Davenport-Moline-Rock Island, IA-IL"
Knots,3.808333,8.9,9,Iowa,"Davenport-Moline-Rock Island, IA-IL"